Source_GW-EW,31-10-1921 00:00,1,11.0288229
Source_GW-EW,30-11-1921 00:00,1,9.364051819
Source_GW-EW,31-12-1921 00:00,1,12.265481
Source_GW-EW,31-01-1922 00:00,1,8.183891296
Source_GW-EW,28-02-1922 00:00,1,3.209946394
Source_GW-EW,31-03-1922 00:00,1,2.942660332
Source_GW-EW,30-04-1922 00:00,1,4.088911057
Source_GW-EW,31-05-1922 00:00,1,6.362659454
Source_GW-EW,30-06-1922 00:00,1,12.40556145
Source_GW-EW,31-07-1922 00:00,1,17.92553902
Source_GW-EW,31-08-1922 00:00,1,20.38475037
Source_GW-EW,30-09-1922 00:00,1,19.13204956
Source_GW-EW,31-10-1922 00:00,1,17.69859695
Source_GW-EW,30-11-1922 00:00,1,10.53288174
Source_GW-EW,31-12-1922 00:00,1,9.564742088
Source_GW-EW,31-01-1923 00:00,1,8.510084152
Source_GW-EW,28-02-1923 00:00,1,3.359566927
Source_GW-EW,31-03-1923 00:00,1,3.227294207
Source_GW-EW,30-04-1923 00:00,1,4.433257103
Source_GW-EW,31-05-1923 00:00,1,6.76248455
Source_GW-EW,30-06-1923 00:00,1,12.80274582
Source_GW-EW,31-07-1923 00:00,1,18.42050171
Source_GW-EW,31-08-1923 00:00,1,20.86941528
Source_GW-EW,30-09-1923 00:00,1,19.60943794
Source_GW-EW,31-10-1923 00:00,1,18.13396072
Source_GW-EW,30-11-1923 00:00,1,10.69836617
Source_GW-EW,31-12-1923 00:00,1,9.707511902
Source_GW-EW,31-01-1924 00:00,1,4.264318466
Source_GW-EW,29-02-1924 00:00,1,0
Source_GW-EW,31-03-1924 00:00,1,0
Source_GW-EW,30-04-1924 00:00,1,0
Source_GW-EW,31-05-1924 00:00,1,0.915978193
Source_GW-EW,30-06-1924 00:00,1,6.395949364
Source_GW-EW,31-07-1924 00:00,1,11.45620918
Source_GW-EW,31-08-1924 00:00,1,13.78303909
Source_GW-EW,30-09-1924 00:00,1,13.01422787
Source_GW-EW,31-10-1924 00:00,1,12.152318
Source_GW-EW,30-11-1924 00:00,1,6.748757839
Source_GW-EW,31-12-1924 00:00,1,6.076908588
Source_GW-EW,31-01-1925 00:00,1,8.805736542
Source_GW-EW,28-02-1925 00:00,1,3.606318235
Source_GW-EW,31-03-1925 00:00,1,3.518215656
Source_GW-EW,30-04-1925 00:00,1,4.793257713
Source_GW-EW,31-05-1925 00:00,1,7.169017792
Source_GW-EW,30-06-1925 00:00,1,13.24775219
Source_GW-EW,31-07-1925 00:00,1,18.90498161
Source_GW-EW,31-08-1925 00:00,1,21.36216164
Source_GW-EW,30-09-1925 00:00,1,20.06834412
Source_GW-EW,31-10-1925 00:00,1,18.55020142
Source_GW-EW,30-11-1925 00:00,1,10.97175789
Source_GW-EW,31-12-1925 00:00,1,9.95871067
Source_GW-EW,31-01-1926 00:00,1,5.92965889
Source_GW-EW,28-02-1926 00:00,1,1.288131833
Source_GW-EW,31-03-1926 00:00,1,0.712515891
Source_GW-EW,30-04-1926 00:00,1,1.32662046
Source_GW-EW,31-05-1926 00:00,1,3.246942043
Source_GW-EW,30-06-1926 00:00,1,8.981633186
Source_GW-EW,31-07-1926 00:00,1,14.21852303
Source_GW-EW,31-08-1926 00:00,1,16.60829353
Source_GW-EW,30-09-1926 00:00,1,15.62352657
Source_GW-EW,31-10-1926 00:00,1,14.51704025
Source_GW-EW,30-11-1926 00:00,1,8.403481483
Source_GW-EW,31-12-1926 00:00,1,7.605134964
Source_GW-EW,31-01-1927 00:00,1,8.842605591
Source_GW-EW,28-02-1927 00:00,1,3.717012644
Source_GW-EW,31-03-1927 00:00,1,3.578180552
Source_GW-EW,30-04-1927 00:00,1,4.87259388
Source_GW-EW,31-05-1927 00:00,1,7.251458168
Source_GW-EW,30-06-1927 00:00,1,13.36437893
Source_GW-EW,31-07-1927 00:00,1,18.99118423
Source_GW-EW,31-08-1927 00:00,1,21.4620533
Source_GW-EW,30-09-1927 00:00,1,20.14442444
Source_GW-EW,31-10-1927 00:00,1,18.61767197
Source_GW-EW,30-11-1927 00:00,1,11.09459305
Source_GW-EW,31-12-1927 00:00,1,10.07762432
Source_GW-EW,31-01-1928 00:00,1,8.804504395
Source_GW-EW,29-02-1928 00:00,1,3.60499382
Source_GW-EW,31-03-1928 00:00,1,3.51691556
Source_GW-EW,30-04-1928 00:00,1,4.791629791
Source_GW-EW,31-05-1928 00:00,1,7.167206287
Source_GW-EW,30-06-1928 00:00,1,13.24567127
Source_GW-EW,31-07-1928 00:00,1,18.90286636
Source_GW-EW,31-08-1928 00:00,1,21.35996628
Source_GW-EW,30-09-1928 00:00,1,20.06636238
Source_GW-EW,31-10-1928 00:00,1,18.54841042
Source_GW-EW,30-11-1928 00:00,1,10.97029018
Source_GW-EW,31-12-1928 00:00,1,9.957339287
Source_GW-EW,31-01-1929 00:00,1,4.335377693
Source_GW-EW,28-02-1929 00:00,1,0
Source_GW-EW,31-03-1929 00:00,1,0
Source_GW-EW,30-04-1929 00:00,1,0
Source_GW-EW,31-05-1929 00:00,1,1.020470858
Source_GW-EW,30-06-1929 00:00,1,6.515969276
Source_GW-EW,31-07-1929 00:00,1,11.57816315
Source_GW-EW,31-08-1929 00:00,1,13.90968513
Source_GW-EW,30-09-1929 00:00,1,13.12855339
Source_GW-EW,31-10-1929 00:00,1,12.25568581
Source_GW-EW,30-11-1929 00:00,1,6.833430767
Source_GW-EW,31-12-1929 00:00,1,6.156000614
Source_GW-EW,31-01-1930 00:00,1,4.525894642
Source_GW-EW,28-02-1930 00:00,1,0.076056033
Source_GW-EW,31-03-1930 00:00,1,0
Source_GW-EW,30-04-1930 00:00,1,0
Source_GW-EW,31-05-1930 00:00,1,1.300627589
Source_GW-EW,30-06-1930 00:00,1,6.837756634
Source_GW-EW,31-07-1930 00:00,1,11.90513515
Source_GW-EW,31-08-1930 00:00,1,14.24923706
Source_GW-EW,30-09-1930 00:00,1,13.4350729
Source_GW-EW,31-10-1930 00:00,1,12.53282738
Source_GW-EW,30-11-1930 00:00,1,7.06044817
Source_GW-EW,31-12-1930 00:00,1,6.368056297
Source_GW-EW,31-01-1931 00:00,1,4.420638084
Source_GW-EW,28-02-1931 00:00,1,0
Source_GW-EW,31-03-1931 00:00,1,0
Source_GW-EW,30-04-1931 00:00,1,0
Source_GW-EW,31-05-1931 00:00,1,1.145847082
Source_GW-EW,30-06-1931 00:00,1,6.659976006
Source_GW-EW,31-07-1931 00:00,1,11.72449017
Source_GW-EW,31-08-1931 00:00,1,14.06164169
Source_GW-EW,30-09-1931 00:00,1,13.26572704
Source_GW-EW,31-10-1931 00:00,1,12.37971306
Source_GW-EW,30-11-1931 00:00,1,6.935025692
Source_GW-EW,31-12-1931 00:00,1,6.250900269
Source_GW-EW,31-01-1932 00:00,1,8.850358963
Source_GW-EW,29-02-1932 00:00,1,3.725347281
Source_GW-EW,31-03-1932 00:00,1,3.586362123
Source_GW-EW,30-04-1932 00:00,1,4.882838249
Source_GW-EW,31-05-1932 00:00,1,7.262859821
Source_GW-EW,30-06-1932 00:00,1,13.37747478
Source_GW-EW,31-07-1932 00:00,1,19.00449181
Source_GW-EW,31-08-1932 00:00,1,21.47587204
Source_GW-EW,30-09-1932 00:00,1,20.1568985
Source_GW-EW,31-10-1932 00:00,1,18.62895012
Source_GW-EW,30-11-1932 00:00,1,11.10383129
Source_GW-EW,31-12-1932 00:00,1,10.08625412
Source_GW-EW,31-01-1933 00:00,1,5.928534031
Source_GW-EW,28-02-1933 00:00,1,1.286922574
Source_GW-EW,31-03-1933 00:00,1,0.711328804
Source_GW-EW,30-04-1933 00:00,1,1.325134158
Source_GW-EW,31-05-1933 00:00,1,3.245287895
Source_GW-EW,30-06-1933 00:00,1,8.979733467
Source_GW-EW,31-07-1933 00:00,1,14.21659279
Source_GW-EW,31-08-1933 00:00,1,16.60628891
Source_GW-EW,30-09-1933 00:00,1,15.6217165
Source_GW-EW,31-10-1933 00:00,1,14.51540375
Source_GW-EW,30-11-1933 00:00,1,8.402141571
Source_GW-EW,31-12-1933 00:00,1,7.60388279
Source_GW-EW,31-01-1934 00:00,1,4.401032448
Source_GW-EW,28-02-1934 00:00,1,0
Source_GW-EW,31-03-1934 00:00,1,0
Source_GW-EW,30-04-1934 00:00,1,0
Source_GW-EW,31-05-1934 00:00,1,1.117016912
Source_GW-EW,30-06-1934 00:00,1,6.626861572
Source_GW-EW,31-07-1934 00:00,1,11.69084167
Source_GW-EW,31-08-1934 00:00,1,14.02669907
Source_GW-EW,30-09-1934 00:00,1,13.23418427
Source_GW-EW,31-10-1934 00:00,1,12.35119247
Source_GW-EW,30-11-1934 00:00,1,6.911664009
Source_GW-EW,31-12-1934 00:00,1,6.229078293
Source_GW-EW,31-01-1935 00:00,1,8.894432068
Source_GW-EW,28-02-1935 00:00,1,3.772724152
Source_GW-EW,31-03-1935 00:00,1,3.63286972
Source_GW-EW,30-04-1935 00:00,1,4.941069126
Source_GW-EW,31-05-1935 00:00,1,7.327669621
Source_GW-EW,30-06-1935 00:00,1,13.45191574
Source_GW-EW,31-07-1935 00:00,1,19.08013153
Source_GW-EW,31-08-1935 00:00,1,21.55442238
Source_GW-EW,30-09-1935 00:00,1,20.227808
Source_GW-EW,31-10-1935 00:00,1,18.69306374
Source_GW-EW,30-11-1935 00:00,1,11.15634823
Source_GW-EW,31-12-1935 00:00,1,10.13531017
Source_GW-EW,31-01-1936 00:00,1,8.583789825
Source_GW-EW,29-02-1936 00:00,1,3.43879652
Source_GW-EW,31-03-1936 00:00,1,3.305069923
Source_GW-EW,30-04-1936 00:00,1,4.530638218
Source_GW-EW,31-05-1936 00:00,1,6.870867729
Source_GW-EW,30-06-1936 00:00,1,12.92723465
Source_GW-EW,31-07-1936 00:00,1,18.54699707
Source_GW-EW,31-08-1936 00:00,1,21.00077629
Source_GW-EW,30-09-1936 00:00,1,19.72801971
Source_GW-EW,31-10-1936 00:00,1,18.24117661
Source_GW-EW,30-11-1936 00:00,1,10.78619194
Source_GW-EW,31-12-1936 00:00,1,9.789548874
Source_GW-EW,31-01-1937 00:00,1,8.063022614
Source_GW-EW,28-02-1937 00:00,1,3.08001709
Source_GW-EW,31-03-1937 00:00,1,2.815115452
Source_GW-EW,30-04-1937 00:00,1,3.929214954
Source_GW-EW,31-05-1937 00:00,1,6.184920311
Source_GW-EW,30-06-1937 00:00,1,12.20141125
Source_GW-EW,31-07-1937 00:00,1,17.71809769
Source_GW-EW,31-08-1937 00:00,1,20.16932869
Source_GW-EW,30-09-1937 00:00,1,18.93758583
Source_GW-EW,31-10-1937 00:00,1,17.52277184
Source_GW-EW,30-11-1937 00:00,1,10.38885593
Source_GW-EW,31-12-1937 00:00,1,9.430208206
Source_GW-EW,31-01-1938 00:00,1,8.066860199
Source_GW-EW,28-02-1938 00:00,1,3.084142923
Source_GW-EW,31-03-1938 00:00,1,2.819165468
Source_GW-EW,30-04-1938 00:00,1,3.934285879
Source_GW-EW,31-05-1938 00:00,1,6.190564156
Source_GW-EW,30-06-1938 00:00,1,12.20789433
Source_GW-EW,31-07-1938 00:00,1,17.72468567
Source_GW-EW,31-08-1938 00:00,1,20.17616844
Source_GW-EW,30-09-1938 00:00,1,18.94376183
Source_GW-EW,31-10-1938 00:00,1,17.52835464
Source_GW-EW,30-11-1938 00:00,1,10.3934288
Source_GW-EW,31-12-1938 00:00,1,9.434479713
Source_GW-EW,31-01-1939 00:00,1,5.826094627
Source_GW-EW,28-02-1939 00:00,1,1.176804423
Source_GW-EW,31-03-1939 00:00,1,0.60323143
Source_GW-EW,30-04-1939 00:00,1,1.189787745
Source_GW-EW,31-05-1939 00:00,1,3.094649792
Source_GW-EW,30-06-1939 00:00,1,8.806711197
Source_GW-EW,31-07-1939 00:00,1,14.04078197
Source_GW-EW,31-08-1939 00:00,1,16.42371368
Source_GW-EW,30-09-1939 00:00,1,15.45690346
Source_GW-EW,31-10-1939 00:00,1,14.36638737
Source_GW-EW,30-11-1939 00:00,1,8.280076027
Source_GW-EW,31-12-1939 00:00,1,7.489862442
Source_GW-EW,31-01-1940 00:00,1,8.659777641
Source_GW-EW,29-02-1940 00:00,1,3.520480633
Source_GW-EW,31-03-1940 00:00,1,3.38525486
Source_GW-EW,30-04-1940 00:00,1,4.631036282
Source_GW-EW,31-05-1940 00:00,1,6.982608795
Source_GW-EW,30-06-1940 00:00,1,13.05558014
Source_GW-EW,31-07-1940 00:00,1,18.67741013
Source_GW-EW,31-08-1940 00:00,1,21.13620758
Source_GW-EW,30-09-1940 00:00,1,19.85027695
Source_GW-EW,31-10-1940 00:00,1,18.35171509
Source_GW-EW,30-11-1940 00:00,1,10.87673855
Source_GW-EW,31-12-1940 00:00,1,9.874127388
Source_GW-EW,31-01-1941 00:00,1,8.541345596
Source_GW-EW,28-02-1941 00:00,1,3.594194412
Source_GW-EW,31-03-1941 00:00,1,3.319857121
Source_GW-EW,30-04-1941 00:00,1,4.561191082
Source_GW-EW,31-05-1941 00:00,1,6.888297558
Source_GW-EW,30-06-1941 00:00,1,13.00930786
Source_GW-EW,31-07-1941 00:00,1,18.53901291
Source_GW-EW,31-08-1941 00:00,1,21.0218277
Source_GW-EW,30-09-1941 00:00,1,19.70715141
Source_GW-EW,31-10-1941 00:00,1,18.21857834
Source_GW-EW,30-11-1941 00:00,1,10.95881844
Source_GW-EW,31-12-1941 00:00,1,9.96260643
Source_GW-EW,31-01-1942 00:00,1,7.739067554
Source_GW-EW,28-02-1942 00:00,1,2.731779337
Source_GW-EW,31-03-1942 00:00,1,2.47326827
Source_GW-EW,30-04-1942 00:00,1,3.501195192
Source_GW-EW,31-05-1942 00:00,1,5.708542824
Source_GW-EW,30-06-1942 00:00,1,11.65424538
Source_GW-EW,31-07-1942 00:00,1,17.162117
Source_GW-EW,31-08-1942 00:00,1,19.59195518
Source_GW-EW,30-09-1942 00:00,1,18.41637993
Source_GW-EW,31-10-1942 00:00,1,17.05151939
Source_GW-EW,30-11-1942 00:00,1,10.00283623
Source_GW-EW,31-12-1942 00:00,1,9.069629669
Source_GW-EW,31-01-1943 00:00,1,7.938643456
Source_GW-EW,28-02-1943 00:00,1,2.94631505
Source_GW-EW,31-03-1943 00:00,1,2.683866978
Source_GW-EW,30-04-1943 00:00,1,3.764881611
Source_GW-EW,31-05-1943 00:00,1,6.002020359
Source_GW-EW,30-06-1943 00:00,1,11.99133301
Source_GW-EW,31-07-1943 00:00,1,17.50463486
Source_GW-EW,31-08-1943 00:00,1,19.94765282
Source_GW-EW,30-09-1943 00:00,1,18.73747444
Source_GW-EW,31-10-1943 00:00,1,17.34183884
Source_GW-EW,30-11-1943 00:00,1,10.24064827
Source_GW-EW,31-12-1943 00:00,1,9.291768074
Source_GW-EW,31-01-1944 00:00,1,9.380838394
Source_GW-EW,29-02-1944 00:00,1,4.224527836
Source_GW-EW,31-03-1944 00:00,1,4.125080585
Source_GW-EW,30-04-1944 00:00,1,5.553100109
Source_GW-EW,31-05-1944 00:00,1,8.014707565
Source_GW-EW,30-06-1944 00:00,1,14.21910858
Source_GW-EW,31-07-1944 00:00,1,19.89198875
Source_GW-EW,31-08-1944 00:00,1,22.38714409
Source_GW-EW,30-09-1944 00:00,1,20.9936142
Source_GW-EW,31-10-1944 00:00,1,19.38679123
Source_GW-EW,30-11-1944 00:00,1,11.65703964
Source_GW-EW,31-12-1944 00:00,1,10.59882832
Source_GW-EW,31-01-1945 00:00,1,8.708097458
Source_GW-EW,28-02-1945 00:00,1,3.572422028
Source_GW-EW,31-03-1945 00:00,1,3.436243296
Source_GW-EW,30-04-1945 00:00,1,4.694877625
Source_GW-EW,31-05-1945 00:00,1,7.053663254
Source_GW-EW,30-06-1945 00:00,1,13.13719273
Source_GW-EW,31-07-1945 00:00,1,18.76033783
Source_GW-EW,31-08-1945 00:00,1,21.22232437
Source_GW-EW,30-09-1945 00:00,1,19.92801666
Source_GW-EW,31-10-1945 00:00,1,18.4220047
Source_GW-EW,30-11-1945 00:00,1,10.93431473
Source_GW-EW,31-12-1945 00:00,1,9.927909851
Source_GW-EW,31-01-1946 00:00,1,8.643718719
Source_GW-EW,28-02-1946 00:00,1,3.503217936
Source_GW-EW,31-03-1946 00:00,1,3.368309021
Source_GW-EW,30-04-1946 00:00,1,4.609818459
Source_GW-EW,31-05-1946 00:00,1,6.958994389
Source_GW-EW,30-06-1946 00:00,1,13.02845573
Source_GW-EW,31-07-1946 00:00,1,18.64984894
Source_GW-EW,31-08-1946 00:00,1,21.10758591
Source_GW-EW,30-09-1946 00:00,1,19.82444
Source_GW-EW,31-10-1946 00:00,1,18.32835579
Source_GW-EW,30-11-1946 00:00,1,10.85760307
Source_GW-EW,31-12-1946 00:00,1,9.856253624
Source_GW-EW,31-01-1947 00:00,1,5.324608326
Source_GW-EW,28-02-1947 00:00,1,0.637728095
Source_GW-EW,31-03-1947 00:00,1,0.0740477
Source_GW-EW,30-04-1947 00:00,1,0.52720809
Source_GW-EW,31-05-1947 00:00,1,2.35721159
Source_GW-EW,30-06-1947 00:00,1,7.959692001
Source_GW-EW,31-07-1947 00:00,1,13.1801157
Source_GW-EW,31-08-1947 00:00,1,15.52993393
Source_GW-EW,30-09-1947 00:00,1,14.65007114
Source_GW-EW,31-10-1947 00:00,1,13.63688564
Source_GW-EW,30-11-1947 00:00,1,7.682513237
Source_GW-EW,31-12-1947 00:00,1,6.931682587
Source_GW-EW,31-01-1948 00:00,1,8.783025742
Source_GW-EW,29-02-1948 00:00,1,3.581904888
Source_GW-EW,31-03-1948 00:00,1,3.494250298
Source_GW-EW,30-04-1948 00:00,1,4.763251305
Source_GW-EW,31-05-1948 00:00,1,7.135621071
Source_GW-EW,30-06-1948 00:00,1,13.20939255
Source_GW-EW,31-07-1948 00:00,1,18.86600304
Source_GW-EW,31-08-1948 00:00,1,21.32168388
Source_GW-EW,30-09-1948 00:00,1,20.03180504
Source_GW-EW,31-10-1948 00:00,1,18.51716423
Source_GW-EW,30-11-1948 00:00,1,10.94469643
Source_GW-EW,31-12-1948 00:00,1,9.933432579
Source_GW-EW,31-01-1949 00:00,1,8.838665009
Source_GW-EW,28-02-1949 00:00,1,3.641715288
Source_GW-EW,31-03-1949 00:00,1,3.552963018
Source_GW-EW,30-04-1949 00:00,1,4.836764336
Source_GW-EW,31-05-1949 00:00,1,7.217439651
Source_GW-EW,30-06-1949 00:00,1,13.30336952
Source_GW-EW,31-07-1949 00:00,1,18.96149445
Source_GW-EW,31-08-1949 00:00,1,21.42084885
Source_GW-EW,30-09-1949 00:00,1,20.12132263
Source_GW-EW,31-10-1949 00:00,1,18.59810257
Source_GW-EW,30-11-1949 00:00,1,11.01099586
Source_GW-EW,31-12-1949 00:00,1,9.995362282
Source_GW-EW,31-01-1950 00:00,1,8.861270905
Source_GW-EW,28-02-1950 00:00,1,3.666014671
Source_GW-EW,31-03-1950 00:00,1,3.576816559
Source_GW-EW,30-04-1950 00:00,1,4.866631031
Source_GW-EW,31-05-1950 00:00,1,7.250680447
Source_GW-EW,30-06-1950 00:00,1,13.34154987
Source_GW-EW,31-07-1950 00:00,1,19.00028992
Source_GW-EW,31-08-1950 00:00,1,21.46113777
Source_GW-EW,30-09-1950 00:00,1,20.15769196
Source_GW-EW,31-10-1950 00:00,1,18.63098526
Source_GW-EW,30-11-1950 00:00,1,11.03793144
Source_GW-EW,31-12-1950 00:00,1,10.02052307
Source_GW-EW,31-01-1951 00:00,1,8.607089996
Source_GW-EW,28-02-1951 00:00,1,3.463843584
Source_GW-EW,31-03-1951 00:00,1,3.329657316
Source_GW-EW,30-04-1951 00:00,1,4.561423779
Source_GW-EW,31-05-1951 00:00,1,6.90513134
Source_GW-EW,30-06-1951 00:00,1,12.96658993
Source_GW-EW,31-07-1951 00:00,1,18.58698463
Source_GW-EW,31-08-1951 00:00,1,21.04230309
Source_GW-EW,30-09-1951 00:00,1,19.76550865
Source_GW-EW,31-10-1951 00:00,1,18.2750721
Source_GW-EW,30-11-1951 00:00,1,10.81395626
Source_GW-EW,31-12-1951 00:00,1,9.815483093
Source_GW-EW,31-01-1952 00:00,1,8.342432022
Source_GW-EW,29-02-1952 00:00,1,3.380370617
Source_GW-EW,31-03-1952 00:00,1,3.109957218
Source_GW-EW,30-04-1952 00:00,1,4.298379898
Source_GW-EW,31-05-1952 00:00,1,6.595793724
Source_GW-EW,30-06-1952 00:00,1,12.67333889
Source_GW-EW,31-07-1952 00:00,1,18.19762993
Source_GW-EW,31-08-1952 00:00,1,20.66731071
Source_GW-EW,30-09-1952 00:00,1,19.38712311
Source_GW-EW,31-10-1952 00:00,1,17.92922211
Source_GW-EW,30-11-1952 00:00,1,10.72179604
Source_GW-EW,31-12-1952 00:00,1,9.741205215
Source_GW-EW,31-01-1953 00:00,1,8.626418114
Source_GW-EW,28-02-1953 00:00,1,3.413558245
Source_GW-EW,31-03-1953 00:00,1,3.328993082
Source_GW-EW,30-04-1953 00:00,1,4.556336403
Source_GW-EW,31-05-1953 00:00,1,6.905328751
Source_GW-EW,30-06-1953 00:00,1,12.94487953
Source_GW-EW,31-07-1953 00:00,1,18.597229
Source_GW-EW,31-08-1953 00:00,1,21.04256821
Source_GW-EW,30-09-1953 00:00,1,19.77984238
Source_GW-EW,31-10-1953 00:00,1,18.28935051
Source_GW-EW,30-11-1953 00:00,1,10.75808525
Source_GW-EW,31-12-1953 00:00,1,9.759119987
Source_GW-EW,31-01-1954 00:00,1,8.87280941
Source_GW-EW,28-02-1954 00:00,1,3.678418398
Source_GW-EW,31-03-1954 00:00,1,3.588992834
Source_GW-EW,30-04-1954 00:00,1,4.881876469
Source_GW-EW,31-05-1954 00:00,1,7.26764822
Source_GW-EW,30-06-1954 00:00,1,13.36103916
Source_GW-EW,31-07-1954 00:00,1,19.02009392
Source_GW-EW,31-08-1954 00:00,1,21.4817028
Source_GW-EW,30-09-1954 00:00,1,20.17625618
Source_GW-EW,31-10-1954 00:00,1,18.64777184
Source_GW-EW,30-11-1954 00:00,1,11.05168056
Source_GW-EW,31-12-1954 00:00,1,10.0333662
Source_GW-EW,31-01-1955 00:00,1,5.759493351
Source_GW-EW,28-02-1955 00:00,1,1.10521102
Source_GW-EW,31-03-1955 00:00,1,0.532951772
Source_GW-EW,30-04-1955 00:00,1,1.101792097
Source_GW-EW,31-05-1955 00:00,1,2.996712446
Source_GW-EW,30-06-1955 00:00,1,8.694220543
Source_GW-EW,31-07-1955 00:00,1,13.92647934
Source_GW-EW,31-08-1955 00:00,1,16.30501366
Source_GW-EW,30-09-1955 00:00,1,15.34975052
Source_GW-EW,31-10-1955 00:00,1,14.26950359
Source_GW-EW,30-11-1955 00:00,1,8.200715065
Source_GW-EW,31-12-1955 00:00,1,7.415731907
Source_GW-EW,31-01-1956 00:00,1,7.690289021
Source_GW-EW,29-02-1956 00:00,1,2.679344416
Source_GW-EW,31-03-1956 00:00,1,2.421795607
Source_GW-EW,30-04-1956 00:00,1,3.436747551
Source_GW-EW,31-05-1956 00:00,1,5.636813641
Source_GW-EW,30-06-1956 00:00,1,11.57185745
Source_GW-EW,31-07-1956 00:00,1,17.07840157
Source_GW-EW,31-08-1956 00:00,1,19.50502014
Source_GW-EW,30-09-1956 00:00,1,18.33790207
Source_GW-EW,31-10-1956 00:00,1,16.98056221
Source_GW-EW,30-11-1956 00:00,1,9.944712639
Source_GW-EW,31-12-1956 00:00,1,9.01533699
Source_GW-EW,31-01-1957 00:00,1,8.829853058
Source_GW-EW,28-02-1957 00:00,1,3.632241726
Source_GW-EW,31-03-1957 00:00,1,3.543663502
Source_GW-EW,30-04-1957 00:00,1,4.825120449
Source_GW-EW,31-05-1957 00:00,1,7.204480171
Source_GW-EW,30-06-1957 00:00,1,13.28848457
Source_GW-EW,31-07-1957 00:00,1,18.94636917
Source_GW-EW,31-08-1957 00:00,1,21.40514183
Source_GW-EW,30-09-1957 00:00,1,20.1071434
Source_GW-EW,31-10-1957 00:00,1,18.58528328
Source_GW-EW,30-11-1957 00:00,1,11.000494
Source_GW-EW,31-12-1957 00:00,1,9.985552788
Source_GW-EW,31-01-1958 00:00,1,7.833188534
Source_GW-EW,28-02-1958 00:00,1,2.832955599
Source_GW-EW,31-03-1958 00:00,1,2.572587729
Source_GW-EW,30-04-1958 00:00,1,3.625550985
Source_GW-EW,31-05-1958 00:00,1,5.846948624
Source_GW-EW,30-06-1958 00:00,1,11.81321812
Source_GW-EW,31-07-1958 00:00,1,17.32365036
Source_GW-EW,31-08-1958 00:00,1,19.75970459
Source_GW-EW,30-09-1958 00:00,1,18.56781006
Source_GW-EW,31-10-1958 00:00,1,17.18843651
Source_GW-EW,30-11-1958 00:00,1,10.11498928
Source_GW-EW,31-12-1958 00:00,1,9.174391747
Source_GW-EW,31-01-1959 00:00,1,5.080583096
Source_GW-EW,28-02-1959 00:00,1,0.375411391
Source_GW-EW,31-03-1959 00:00,1,0
Source_GW-EW,30-04-1959 00:00,1,0.204794139
Source_GW-EW,31-05-1959 00:00,1,1.998371243
Source_GW-EW,30-06-1959 00:00,1,7.547528744
Source_GW-EW,31-07-1959 00:00,1,12.76131153
Source_GW-EW,31-08-1959 00:00,1,15.09501648
Source_GW-EW,30-09-1959 00:00,1,14.25746346
Source_GW-EW,31-10-1959 00:00,1,13.28190708
Source_GW-EW,30-11-1959 00:00,1,7.391736984
Source_GW-EW,31-12-1959 00:00,1,6.660069942
Source_GW-EW,31-01-1960 00:00,1,4.132467747
Source_GW-EW,29-02-1960 00:00,1,0
Source_GW-EW,31-03-1960 00:00,1,0
Source_GW-EW,30-04-1960 00:00,1,0
Source_GW-EW,31-05-1960 00:00,1,0.722090781
Source_GW-EW,30-06-1960 00:00,1,6.173251152
Source_GW-EW,31-07-1960 00:00,1,11.22992229
Source_GW-EW,31-08-1960 00:00,1,13.54804611
Source_GW-EW,30-09-1960 00:00,1,12.80209541
Source_GW-EW,31-10-1960 00:00,1,11.96051693
Source_GW-EW,30-11-1960 00:00,1,6.591646671
Source_GW-EW,31-12-1960 00:00,1,5.930151463
Source_GW-EW,31-01-1961 00:00,1,4.00313139
Source_GW-EW,28-02-1961 00:00,1,0
Source_GW-EW,31-03-1961 00:00,1,0
Source_GW-EW,30-04-1961 00:00,1,0
Source_GW-EW,31-05-1961 00:00,1,0.531901002
Source_GW-EW,30-06-1961 00:00,1,5.954799652
Source_GW-EW,31-07-1961 00:00,1,11.00795078
Source_GW-EW,31-08-1961 00:00,1,13.31753445
Source_GW-EW,30-09-1961 00:00,1,12.59400845
Source_GW-EW,31-10-1961 00:00,1,11.77237415
Source_GW-EW,30-11-1961 00:00,1,6.437531471
Source_GW-EW,31-12-1961 00:00,1,5.786193848
Source_GW-EW,31-01-1962 00:00,1,9.038805008
Source_GW-EW,28-02-1962 00:00,1,3.856856346
Source_GW-EW,31-03-1962 00:00,1,3.764156103
Source_GW-EW,30-04-1962 00:00,1,5.101194859
Source_GW-EW,31-05-1962 00:00,1,7.511745453
Source_GW-EW,30-06-1962 00:00,1,13.64140797
Source_GW-EW,31-07-1962 00:00,1,19.30497932
Source_GW-EW,31-08-1962 00:00,1,21.77754974
Source_GW-EW,30-09-1962 00:00,1,20.44332314
Source_GW-EW,31-10-1962 00:00,1,18.88924217
Source_GW-EW,30-11-1962 00:00,1,11.24947834
Source_GW-EW,31-12-1962 00:00,1,10.21812725
Source_GW-EW,31-01-1963 00:00,1,8.613078117
Source_GW-EW,28-02-1963 00:00,1,3.470280886
Source_GW-EW,31-03-1963 00:00,1,3.335976362
Source_GW-EW,30-04-1963 00:00,1,4.569335461
Source_GW-EW,31-05-1963 00:00,1,6.913937092
Source_GW-EW,30-06-1963 00:00,1,12.97670364
Source_GW-EW,31-07-1963 00:00,1,18.59726334
Source_GW-EW,31-08-1963 00:00,1,21.05297661
Source_GW-EW,30-09-1963 00:00,1,19.77514267
Source_GW-EW,31-10-1963 00:00,1,18.28378296
Source_GW-EW,30-11-1963 00:00,1,10.82109165
Source_GW-EW,31-12-1963 00:00,1,9.822148323
Source_GW-EW,31-01-1964 00:00,1,5.587191582
Source_GW-EW,29-02-1964 00:00,1,0.919994056
Source_GW-EW,31-03-1964 00:00,1,0.351133764
Source_GW-EW,30-04-1964 00:00,1,0.874141634
Source_GW-EW,31-05-1964 00:00,1,2.743341923
Source_GW-EW,30-06-1964 00:00,1,8.40320015
Source_GW-EW,31-07-1964 00:00,1,13.63076973
Source_GW-EW,31-08-1964 00:00,1,15.99792671
Source_GW-EW,30-09-1964 00:00,1,15.07253742
Source_GW-EW,31-10-1964 00:00,1,14.01885986
Source_GW-EW,30-11-1964 00:00,1,7.99540329
Source_GW-EW,31-12-1964 00:00,1,7.22395134
Source_GW-EW,31-01-1965 00:00,1,8.120166779
Source_GW-EW,28-02-1965 00:00,1,3.141444683
Source_GW-EW,31-03-1965 00:00,1,2.875415802
Source_GW-EW,30-04-1965 00:00,1,4.004715443
Source_GW-EW,31-05-1965 00:00,1,6.268951416
Source_GW-EW,30-06-1965 00:00,1,12.29792881
Source_GW-EW,31-07-1965 00:00,1,17.81617165
Source_GW-EW,31-08-1965 00:00,1,20.27117538
Source_GW-EW,30-09-1965 00:00,1,19.02952385
Source_GW-EW,31-10-1965 00:00,1,17.6058979
Source_GW-EW,30-11-1965 00:00,1,10.45694828
Source_GW-EW,31-12-1965 00:00,1,9.493812561
Source_GW-EW,31-01-1966 00:00,1,8.837313652
Source_GW-EW,28-02-1966 00:00,1,3.640261889
Source_GW-EW,31-03-1966 00:00,1,3.55153656
Source_GW-EW,30-04-1966 00:00,1,4.834978104
Source_GW-EW,31-05-1966 00:00,1,7.215451717
Source_GW-EW,30-06-1966 00:00,1,13.30108643
Source_GW-EW,31-07-1966 00:00,1,18.95917511
Source_GW-EW,31-08-1966 00:00,1,21.41843987
Source_GW-EW,30-09-1966 00:00,1,20.11914825
Source_GW-EW,31-10-1966 00:00,1,18.59613609
Source_GW-EW,30-11-1966 00:00,1,11.00938416
Source_GW-EW,31-12-1966 00:00,1,9.993857384
Source_GW-EW,31-01-1967 00:00,1,7.941044331
Source_GW-EW,28-02-1967 00:00,1,2.948895454
Source_GW-EW,31-03-1967 00:00,1,2.686400175
Source_GW-EW,30-04-1967 00:00,1,3.768053293
Source_GW-EW,31-05-1967 00:00,1,6.005550385
Source_GW-EW,30-06-1967 00:00,1,11.99538803
Source_GW-EW,31-07-1967 00:00,1,17.50875473
Source_GW-EW,31-08-1967 00:00,1,19.951931
Source_GW-EW,30-09-1967 00:00,1,18.74133682
Source_GW-EW,31-10-1967 00:00,1,17.34533119
Source_GW-EW,30-11-1967 00:00,1,10.24350834
Source_GW-EW,31-12-1967 00:00,1,9.294440269
Source_GW-EW,31-01-1968 00:00,1,5.365778446
Source_GW-EW,29-02-1968 00:00,1,0.681984186
Source_GW-EW,31-03-1968 00:00,1,0.117491633
Source_GW-EW,30-04-1968 00:00,1,0.581603289
Source_GW-EW,31-05-1968 00:00,1,2.417752504
Source_GW-EW,30-06-1968 00:00,1,8.029229164
Source_GW-EW,31-07-1968 00:00,1,13.25077248
Source_GW-EW,31-08-1968 00:00,1,15.60330963
Source_GW-EW,30-09-1968 00:00,1,14.71630955
Source_GW-EW,31-10-1968 00:00,1,13.69677448
Source_GW-EW,30-11-1968 00:00,1,7.731570721
Source_GW-EW,31-12-1968 00:00,1,6.977507114
Source_GW-EW,31-01-1969 00:00,1,8.11279583
Source_GW-EW,28-02-1969 00:00,1,3.133521795
Source_GW-EW,31-03-1969 00:00,1,2.86763835
Source_GW-EW,30-04-1969 00:00,1,3.994977474
Source_GW-EW,31-05-1969 00:00,1,6.258112907
Source_GW-EW,30-06-1969 00:00,1,12.2854805
Source_GW-EW,31-07-1969 00:00,1,17.80352211
Source_GW-EW,31-08-1969 00:00,1,20.25803947
Source_GW-EW,30-09-1969 00:00,1,19.01766586
Source_GW-EW,31-10-1969 00:00,1,17.5951767
Source_GW-EW,30-11-1969 00:00,1,10.44816494
Source_GW-EW,31-12-1969 00:00,1,9.485609055
Source_GW-EW,31-01-1970 00:00,1,8.403373718
Source_GW-EW,28-02-1970 00:00,1,3.244857788
Source_GW-EW,31-03-1970 00:00,1,3.114690065
Source_GW-EW,30-04-1970 00:00,1,4.292267799
Source_GW-EW,31-05-1970 00:00,1,6.605566025
Source_GW-EW,30-06-1970 00:00,1,12.62250996
Source_GW-EW,31-07-1970 00:00,1,18.23736191
Source_GW-EW,31-08-1970 00:00,1,20.67922783
Source_GW-EW,30-09-1970 00:00,1,19.43775368
Source_GW-EW,31-10-1970 00:00,1,17.97873116
Source_GW-EW,30-11-1970 00:00,1,10.57121181
Source_GW-EW,31-12-1970 00:00,1,9.588737488
Source_GW-EW,31-01-1971 00:00,1,8.729598045
Source_GW-EW,28-02-1971 00:00,1,3.524472713
Source_GW-EW,31-03-1971 00:00,1,3.437872171
Source_GW-EW,30-04-1971 00:00,1,4.692661285
Source_GW-EW,31-05-1971 00:00,1,7.05705595
Source_GW-EW,30-06-1971 00:00,1,13.11915302
Source_GW-EW,31-07-1971 00:00,1,18.77431107
Source_GW-EW,31-08-1971 00:00,1,21.22646332
Source_GW-EW,30-09-1971 00:00,1,19.94584656
Source_GW-EW,31-10-1971 00:00,1,18.4394455
Source_GW-EW,30-11-1971 00:00,1,10.88103294
Source_GW-EW,31-12-1971 00:00,1,9.873965263
Source_GW-EW,31-01-1972 00:00,1,5.309112072
Source_GW-EW,29-02-1972 00:00,1,0.621070564
Source_GW-EW,31-03-1972 00:00,1,0.057695836
Source_GW-EW,30-04-1972 00:00,1,0.506734252
Source_GW-EW,31-05-1972 00:00,1,2.334424734
Source_GW-EW,30-06-1972 00:00,1,7.933518887
Source_GW-EW,31-07-1972 00:00,1,13.15352058
Source_GW-EW,31-08-1972 00:00,1,15.50231552
Source_GW-EW,30-09-1972 00:00,1,14.62514019
Source_GW-EW,31-10-1972 00:00,1,13.61434364
Source_GW-EW,30-11-1972 00:00,1,7.664048672
Source_GW-EW,31-12-1972 00:00,1,6.91443491
Source_GW-EW,31-01-1973 00:00,1,8.725905418
Source_GW-EW,28-02-1973 00:00,1,3.591564655
Source_GW-EW,31-03-1973 00:00,1,3.455034494
Source_GW-EW,30-04-1973 00:00,1,4.718405724
Source_GW-EW,31-05-1973 00:00,1,7.07984972
Source_GW-EW,30-06-1973 00:00,1,13.16727066
Source_GW-EW,31-07-1973 00:00,1,18.79089928
Source_GW-EW,31-08-1973 00:00,1,21.25406265
Source_GW-EW,30-09-1973 00:00,1,19.95666695
Source_GW-EW,31-10-1973 00:00,1,18.44791031
Source_GW-EW,30-11-1973 00:00,1,10.95553398
Source_GW-EW,31-12-1973 00:00,1,9.947731018
Source_GW-EW,31-01-1974 00:00,1,0
Source_GW-EW,28-02-1974 00:00,1,0
Source_GW-EW,31-03-1974 00:00,1,0
Source_GW-EW,30-04-1974 00:00,1,0
Source_GW-EW,31-05-1974 00:00,1,0
Source_GW-EW,30-06-1974 00:00,1,0
Source_GW-EW,31-07-1974 00:00,1,1.475509405
Source_GW-EW,31-08-1974 00:00,1,3.63710928
Source_GW-EW,30-09-1974 00:00,1,3.55802989
Source_GW-EW,31-10-1974 00:00,1,3.574627876
Source_GW-EW,30-11-1974 00:00,1,1.147558212
Source_GW-EW,31-12-1974 00:00,1,0.932905018
Source_GW-EW,31-01-1975 00:00,1,0
Source_GW-EW,28-02-1975 00:00,1,0
Source_GW-EW,31-03-1975 00:00,1,0
Source_GW-EW,30-04-1975 00:00,1,0
Source_GW-EW,31-05-1975 00:00,1,0
Source_GW-EW,30-06-1975 00:00,1,0
Source_GW-EW,31-07-1975 00:00,1,1.842233658
Source_GW-EW,31-08-1975 00:00,1,4.017942905
Source_GW-EW,30-09-1975 00:00,1,3.901815414
Source_GW-EW,31-10-1975 00:00,1,3.885463715
Source_GW-EW,30-11-1975 00:00,1,1.402175546
Source_GW-EW,31-12-1975 00:00,1,1.170741558
Source_GW-EW,31-01-1976 00:00,1,0
Source_GW-EW,29-02-1976 00:00,1,0
Source_GW-EW,31-03-1976 00:00,1,0
Source_GW-EW,30-04-1976 00:00,1,0
Source_GW-EW,31-05-1976 00:00,1,0
Source_GW-EW,30-06-1976 00:00,1,0
Source_GW-EW,31-07-1976 00:00,1,2.079943657
Source_GW-EW,31-08-1976 00:00,1,4.246743679
Source_GW-EW,30-09-1976 00:00,1,4.132892609
Source_GW-EW,31-10-1976 00:00,1,4.096688747
Source_GW-EW,30-11-1976 00:00,1,1.457583427
Source_GW-EW,31-12-1976 00:00,1,1.215231419
Source_GW-EW,31-01-1977 00:00,1,0
Source_GW-EW,28-02-1977 00:00,1,0
Source_GW-EW,31-03-1977 00:00,1,0
Source_GW-EW,30-04-1977 00:00,1,0
Source_GW-EW,31-05-1977 00:00,1,0
Source_GW-EW,30-06-1977 00:00,1,0
Source_GW-EW,31-07-1977 00:00,1,3.796591997
Source_GW-EW,31-08-1977 00:00,1,5.998701572
Source_GW-EW,30-09-1977 00:00,1,5.756185055
Source_GW-EW,31-10-1977 00:00,1,5.568305969
Source_GW-EW,30-11-1977 00:00,1,2.462813377
Source_GW-EW,31-12-1977 00:00,1,2.141840696
Source_GW-EW,31-01-1978 00:00,1,12.67716599
Source_GW-EW,28-02-1978 00:00,1,6.977775574
Source_GW-EW,31-03-1978 00:00,1,7.36929512
Source_GW-EW,30-04-1978 00:00,1,9.567792892
Source_GW-EW,31-05-1978 00:00,1,12.5481348
Source_GW-EW,30-06-1978 00:00,1,19.18227196
Source_GW-EW,31-07-1978 00:00,1,25.29430962
Source_GW-EW,31-08-1978 00:00,1,27.8819809
Source_GW-EW,30-09-1978 00:00,1,26.11063004
Source_GW-EW,31-10-1978 00:00,1,24.0280323
Source_GW-EW,30-11-1978 00:00,1,14.70754814
Source_GW-EW,31-12-1978 00:00,1,13.40187359
Source_GW-EW,31-01-1979 00:00,1,20.46533203
Source_GW-EW,28-02-1979 00:00,1,13.34724998
Source_GW-EW,31-03-1979 00:00,1,14.99415684
Source_GW-EW,30-04-1979 00:00,1,18.99480247
Source_GW-EW,31-05-1979 00:00,1,23.20532417
Source_GW-EW,30-06-1979 00:00,1,30.80494118
Source_GW-EW,31-07-1979 00:00,1,38.01451874
Source_GW-EW,31-08-1979 00:00,1,40.79930878
Source_GW-EW,30-09-1979 00:00,1,38.16851425
Source_GW-EW,31-10-1979 00:00,1,34.9673996
Source_GW-EW,30-11-1979 00:00,1,21.76439667
Source_GW-EW,31-12-1979 00:00,1,19.87600517
Source_GW-EW,31-01-1980 00:00,1,15.58634186
Source_GW-EW,29-02-1980 00:00,1,9.320464134
Source_GW-EW,31-03-1980 00:00,1,10.20663834
Source_GW-EW,30-04-1980 00:00,1,13.07338715
Source_GW-EW,31-05-1980 00:00,1,16.5144825
Source_GW-EW,30-06-1980 00:00,1,23.49582291
Source_GW-EW,31-07-1980 00:00,1,30.03399849
Source_GW-EW,31-08-1980 00:00,1,32.68951035
Source_GW-EW,30-09-1980 00:00,1,30.60608482
Source_GW-EW,31-10-1980 00:00,1,28.10718346
Source_GW-EW,30-11-1980 00:00,1,17.30296516
Source_GW-EW,31-12-1980 00:00,1,15.78015137
Source_GW-EW,31-01-1981 00:00,1,23.82335854
Source_GW-EW,28-02-1981 00:00,1,16.0351181
Source_GW-EW,31-03-1981 00:00,1,18.26444626
Source_GW-EW,30-04-1981 00:00,1,23.03425598
Source_GW-EW,31-05-1981 00:00,1,27.77716827
Source_GW-EW,30-06-1981 00:00,1,35.77157211
Source_GW-EW,31-07-1981 00:00,1,43.48023605
Source_GW-EW,31-08-1981 00:00,1,46.34075546
Source_GW-EW,30-09-1981 00:00,1,43.35372543
Source_GW-EW,31-10-1981 00:00,1,39.67274475
Source_GW-EW,30-11-1981 00:00,1,24.74219131
Source_GW-EW,31-12-1981 00:00,1,22.60339165
Source_GW-EW,31-01-1982 00:00,1,25.20752525
Source_GW-EW,28-02-1982 00:00,1,17.33466721
Source_GW-EW,31-03-1982 00:00,1,19.66923523
Source_GW-EW,30-04-1982 00:00,1,24.78188133
Source_GW-EW,31-05-1982 00:00,1,29.7377739
Source_GW-EW,30-06-1982 00:00,1,37.96537018
Source_GW-EW,31-07-1982 00:00,1,45.79500961
Source_GW-EW,31-08-1982 00:00,1,48.71709061
Source_GW-EW,30-09-1982 00:00,1,45.53625107
Source_GW-EW,31-10-1982 00:00,1,41.64958572
Source_GW-EW,30-11-1982 00:00,1,26.18238831
Source_GW-EW,31-12-1982 00:00,1,23.9376049
Source_GW-EW,31-01-1983 00:00,1,14.57231426
Source_GW-EW,28-02-1983 00:00,1,8.585390091
Source_GW-EW,31-03-1983 00:00,1,9.241801262
Source_GW-EW,30-04-1983 00:00,1,11.88659286
Source_GW-EW,31-05-1983 00:00,1,15.1643343
Source_GW-EW,30-06-1983 00:00,1,22.05462074
Source_GW-EW,31-07-1983 00:00,1,28.40821838
Source_GW-EW,31-08-1983 00:00,1,31.05299187
Source_GW-EW,30-09-1983 00:00,1,29.05836487
Source_GW-EW,31-10-1983 00:00,1,26.70121765
Source_GW-EW,30-11-1983 00:00,1,16.48879051
Source_GW-EW,31-12-1983 00:00,1,15.04048634
Source_GW-EW,31-01-1984 00:00,1,11.75192451
Source_GW-EW,29-02-1984 00:00,1,5.942606449
Source_GW-EW,31-03-1984 00:00,1,6.380927563
Source_GW-EW,30-04-1984 00:00,1,8.327849388
Source_GW-EW,31-05-1984 00:00,1,11.1714468
Source_GW-EW,30-06-1984 00:00,1,17.58848763
Source_GW-EW,31-07-1984 00:00,1,23.6932888
Source_GW-EW,31-08-1984 00:00,1,26.21343994
Source_GW-EW,30-09-1984 00:00,1,24.61245537
Source_GW-EW,31-10-1984 00:00,1,22.67420197
Source_GW-EW,30-11-1984 00:00,1,13.55999565
Source_GW-EW,31-12-1984 00:00,1,12.32756805
Source_GW-EW,31-01-1985 00:00,1,5.512465477
Source_GW-EW,28-02-1985 00:00,1,0.824907184
Source_GW-EW,31-03-1985 00:00,1,0.267906427
Source_GW-EW,30-04-1985 00:00,1,0.769050539
Source_GW-EW,31-05-1985 00:00,1,2.627594471
Source_GW-EW,30-06-1985 00:00,1,8.265696526
Source_GW-EW,31-07-1985 00:00,1,13.49775982
Source_GW-EW,31-08-1985 00:00,1,15.85764503
Source_GW-EW,30-09-1985 00:00,1,14.9488306
Source_GW-EW,31-10-1985 00:00,1,13.90728378
Source_GW-EW,30-11-1985 00:00,1,7.889973164
Source_GW-EW,31-12-1985 00:00,1,7.124602318
Source_GW-EW,31-01-1986 00:00,1,5.990496159
Source_GW-EW,28-02-1986 00:00,1,1.279699802
Source_GW-EW,31-03-1986 00:00,1,0.754832983
Source_GW-EW,30-04-1986 00:00,1,1.375183582
Source_GW-EW,31-05-1986 00:00,1,3.307079315
Source_GW-EW,30-06-1986 00:00,1,9.027915955
Source_GW-EW,31-07-1986 00:00,1,14.29911232
Source_GW-EW,31-08-1986 00:00,1,16.68120766
Source_GW-EW,30-09-1986 00:00,1,15.70399094
Source_GW-EW,31-10-1986 00:00,1,14.59116268
Source_GW-EW,30-11-1986 00:00,1,8.3939991
Source_GW-EW,31-12-1986 00:00,1,7.59194088
Source_GW-EW,31-01-1987 00:00,1,3.594190598
Source_GW-EW,28-02-1987 00:00,1,0
Source_GW-EW,31-03-1987 00:00,1,0
Source_GW-EW,30-04-1987 00:00,1,0
Source_GW-EW,31-05-1987 00:00,1,0.000140731
Source_GW-EW,30-06-1987 00:00,1,5.398106098
Source_GW-EW,31-07-1987 00:00,1,10.3626442
Source_GW-EW,31-08-1987 00:00,1,12.67297268
Source_GW-EW,30-09-1987 00:00,1,11.97739983
Source_GW-EW,31-10-1987 00:00,1,11.2116127
Source_GW-EW,30-11-1987 00:00,1,6.144780636
Source_GW-EW,31-12-1987 00:00,1,5.523029327
Source_GW-EW,31-01-1988 00:00,1,1.315295577
Source_GW-EW,29-02-1988 00:00,1,0
Source_GW-EW,31-03-1988 00:00,1,0
Source_GW-EW,30-04-1988 00:00,1,0
Source_GW-EW,31-05-1988 00:00,1,0
Source_GW-EW,30-06-1988 00:00,1,1.953065515
Source_GW-EW,31-07-1988 00:00,1,6.621967793
Source_GW-EW,31-08-1988 00:00,1,8.865481377
Source_GW-EW,30-09-1988 00:00,1,8.43553257
Source_GW-EW,31-10-1988 00:00,1,7.999409676
Source_GW-EW,30-11-1988 00:00,1,4.015814304
Source_GW-EW,31-12-1988 00:00,1,3.565404654
Source_GW-EW,31-01-1989 00:00,1,2.749403
Source_GW-EW,28-02-1989 00:00,1,0
Source_GW-EW,31-03-1989 00:00,1,0
Source_GW-EW,30-04-1989 00:00,1,0
Source_GW-EW,31-05-1989 00:00,1,0
Source_GW-EW,30-06-1989 00:00,1,4.069420338
Source_GW-EW,31-07-1989 00:00,1,8.954204559
Source_GW-EW,31-08-1989 00:00,1,11.22907925
Source_GW-EW,30-09-1989 00:00,1,10.64851189
Source_GW-EW,31-10-1989 00:00,1,10.0077095
Source_GW-EW,30-11-1989 00:00,1,5.280658245
Source_GW-EW,31-12-1989 00:00,1,4.723397255
Source_GW-EW,31-01-1990 00:00,1,7.350609303
Source_GW-EW,28-02-1990 00:00,1,2.295861483
Source_GW-EW,31-03-1990 00:00,1,2.057919264
Source_GW-EW,30-04-1990 00:00,1,2.980047226
Source_GW-EW,31-05-1990 00:00,1,5.130027771
Source_GW-EW,30-06-1990 00:00,1,10.9841032
Source_GW-EW,31-07-1990 00:00,1,16.4895134
Source_GW-EW,31-08-1990 00:00,1,18.89079857
Source_GW-EW,30-09-1990 00:00,1,17.78707123
Source_GW-EW,31-10-1990 00:00,1,16.48286629
Source_GW-EW,30-11-1990 00:00,1,9.519590378
Source_GW-EW,31-12-1990 00:00,1,8.617155075
Source_GW-EW,31-01-1991 00:00,1,20.75906754
Source_GW-EW,28-02-1991 00:00,1,13.59290886
Source_GW-EW,31-03-1991 00:00,1,15.28334236
Source_GW-EW,30-04-1991 00:00,1,19.35268784
Source_GW-EW,31-05-1991 00:00,1,23.60942268
Source_GW-EW,30-06-1991 00:00,1,31.24744987
Source_GW-EW,31-07-1991 00:00,1,38.49602127
Source_GW-EW,31-08-1991 00:00,1,41.28910446
Source_GW-EW,30-09-1991 00:00,1,38.62456512
Source_GW-EW,31-10-1991 00:00,1,35.38104248
Source_GW-EW,30-11-1991 00:00,1,22.03658104
Source_GW-EW,31-12-1991 00:00,1,20.12613106
Source_GW-EW,31-01-1992 00:00,1,7.758704185
Source_GW-EW,29-02-1992 00:00,1,2.734546423
Source_GW-EW,31-03-1992 00:00,1,2.488554001
Source_GW-EW,30-04-1992 00:00,1,3.519235611
Source_GW-EW,31-05-1992 00:00,1,5.73013401
Source_GW-EW,30-06-1992 00:00,1,11.67338276
Source_GW-EW,31-07-1992 00:00,1,17.18989944
Source_GW-EW,31-08-1992 00:00,1,19.61813164
Source_GW-EW,30-09-1992 00:00,1,18.44364738
Source_GW-EW,31-10-1992 00:00,1,17.07651329
Source_GW-EW,30-11-1992 00:00,1,10.00586987
Source_GW-EW,31-12-1992 00:00,1,9.071386337
Source_GW-EW,31-01-1993 00:00,1,21.03303909
Source_GW-EW,28-02-1993 00:00,1,13.88741684
Source_GW-EW,31-03-1993 00:00,1,15.57244682
Source_GW-EW,30-04-1993 00:00,1,19.71466827
Source_GW-EW,31-05-1993 00:00,1,24.01230049
Source_GW-EW,30-06-1993 00:00,1,31.71019363
Source_GW-EW,31-07-1993 00:00,1,38.96622086
Source_GW-EW,31-08-1993 00:00,1,41.77739334
Source_GW-EW,30-09-1993 00:00,1,39.06535339
