Source_GW-IM,31-10-1921 00:00,1,2.39293623
Source_GW-IM,30-11-1921 00:00,1,0
Source_GW-IM,31-12-1921 00:00,1,8.180501938
Source_GW-IM,31-01-1922 00:00,1,6.17711401
Source_GW-IM,28-02-1922 00:00,1,5.95451498
Source_GW-IM,31-03-1922 00:00,1,0.556496739
Source_GW-IM,30-04-1922 00:00,1,0.222598702
Source_GW-IM,31-05-1922 00:00,1,0
Source_GW-IM,30-06-1922 00:00,1,0
Source_GW-IM,31-07-1922 00:00,1,0.111299351
Source_GW-IM,31-08-1922 00:00,1,2.1703372
Source_GW-IM,30-09-1922 00:00,1,0
Source_GW-IM,31-10-1922 00:00,1,0
Source_GW-IM,30-11-1922 00:00,1,5.754797459
Source_GW-IM,31-12-1922 00:00,1,7.455079079
Source_GW-IM,31-01-1923 00:00,1,1.177117705
Source_GW-IM,28-02-1923 00:00,1,0.261581719
Source_GW-IM,31-03-1923 00:00,1,0
Source_GW-IM,30-04-1923 00:00,1,3.792934895
Source_GW-IM,31-05-1923 00:00,1,2.615817308
Source_GW-IM,30-06-1923 00:00,1,0
Source_GW-IM,31-07-1923 00:00,1,0.653954327
Source_GW-IM,31-08-1923 00:00,1,1.438699365
Source_GW-IM,30-09-1923 00:00,1,2.615817308
Source_GW-IM,31-10-1923 00:00,1,0.044672623
Source_GW-IM,30-11-1923 00:00,1,1.206160784
Source_GW-IM,31-12-1923 00:00,1,0.044672623
Source_GW-IM,31-01-1924 00:00,1,0
Source_GW-IM,29-02-1924 00:00,1,0.13401787
Source_GW-IM,31-03-1924 00:00,1,2.814375162
Source_GW-IM,30-04-1924 00:00,1,0.13401787
Source_GW-IM,31-05-1924 00:00,1,0
Source_GW-IM,30-06-1924 00:00,1,0
Source_GW-IM,31-07-1924 00:00,1,0
Source_GW-IM,31-08-1924 00:00,1,0
Source_GW-IM,30-09-1924 00:00,1,0
Source_GW-IM,31-10-1924 00:00,1,0.325423509
Source_GW-IM,30-11-1924 00:00,1,1.789829254
Source_GW-IM,31-12-1924 00:00,1,6.833893299
Source_GW-IM,31-01-1925 00:00,1,1.627117515
Source_GW-IM,28-02-1925 00:00,1,0.379660726
Source_GW-IM,31-03-1925 00:00,1,0
Source_GW-IM,30-04-1925 00:00,1,1.844066381
Source_GW-IM,31-05-1925 00:00,1,0.1084745
Source_GW-IM,30-06-1925 00:00,1,0.05423725
Source_GW-IM,31-07-1925 00:00,1,2.332201719
Source_GW-IM,31-08-1925 00:00,1,1.681354642
Source_GW-IM,30-09-1925 00:00,1,0
Source_GW-IM,31-10-1925 00:00,1,1.330083251
Source_GW-IM,30-11-1925 00:00,1,1.276879907
Source_GW-IM,31-12-1925 00:00,1,0.691643298
Source_GW-IM,31-01-1926 00:00,1,3.24540329
Source_GW-IM,28-02-1926 00:00,1,2.181336641
Source_GW-IM,31-03-1926 00:00,1,1.117269993
Source_GW-IM,30-04-1926 00:00,1,0.95765996
Source_GW-IM,31-05-1926 00:00,1,0
Source_GW-IM,30-06-1926 00:00,1,2.447353125
Source_GW-IM,31-07-1926 00:00,1,0.053203333
Source_GW-IM,31-08-1926 00:00,1,0.159609988
Source_GW-IM,30-09-1926 00:00,1,0
Source_GW-IM,31-10-1926 00:00,1,5.868953705
Source_GW-IM,30-11-1926 00:00,1,26.7236824
Source_GW-IM,31-12-1926 00:00,1,1.253562927
Source_GW-IM,31-01-1927 00:00,1,0
Source_GW-IM,28-02-1927 00:00,1,9.230781555
Source_GW-IM,31-03-1927 00:00,1,1.595443726
Source_GW-IM,30-04-1927 00:00,1,0.569801331
Source_GW-IM,31-05-1927 00:00,1,0
Source_GW-IM,30-06-1927 00:00,1,0
Source_GW-IM,31-07-1927 00:00,1,0.569801331
Source_GW-IM,31-08-1927 00:00,1,0
Source_GW-IM,30-09-1927 00:00,1,2.279205322
Source_GW-IM,31-10-1927 00:00,1,1.364421129
Source_GW-IM,30-11-1927 00:00,1,2.676364422
Source_GW-IM,31-12-1927 00:00,1,1.15451014
Source_GW-IM,31-01-1928 00:00,1,0.052477732
Source_GW-IM,29-02-1928 00:00,1,0.314866394
Source_GW-IM,31-03-1928 00:00,1,1.784242988
Source_GW-IM,30-04-1928 00:00,1,0.314866394
Source_GW-IM,31-05-1928 00:00,1,4.040785313
Source_GW-IM,30-06-1928 00:00,1,0
Source_GW-IM,31-07-1928 00:00,1,0
Source_GW-IM,31-08-1928 00:00,1,0
Source_GW-IM,30-09-1928 00:00,1,0
Source_GW-IM,31-10-1928 00:00,1,0
Source_GW-IM,30-11-1928 00:00,1,2.123201847
Source_GW-IM,31-12-1928 00:00,1,0.938158929
Source_GW-IM,31-01-1929 00:00,1,0.148130342
Source_GW-IM,28-02-1929 00:00,1,2.419462442
Source_GW-IM,31-03-1929 00:00,1,0.395014286
Source_GW-IM,30-04-1929 00:00,1,0
Source_GW-IM,31-05-1929 00:00,1,0.246883929
Source_GW-IM,30-06-1929 00:00,1,0.098753572
Source_GW-IM,31-07-1929 00:00,1,0
Source_GW-IM,31-08-1929 00:00,1,0
Source_GW-IM,30-09-1929 00:00,1,0.938158929
Source_GW-IM,31-10-1929 00:00,1,0
Source_GW-IM,30-11-1929 00:00,1,0
Source_GW-IM,31-12-1929 00:00,1,0
Source_GW-IM,31-01-1930 00:00,1,3.569077015
Source_GW-IM,28-02-1930 00:00,1,9.114873886
Source_GW-IM,31-03-1930 00:00,1,2.910170317
Source_GW-IM,30-04-1930 00:00,1,1.207995296
Source_GW-IM,31-05-1930 00:00,1,3.514168024
Source_GW-IM,30-06-1930 00:00,1,0
Source_GW-IM,31-07-1930 00:00,1,0
Source_GW-IM,31-08-1930 00:00,1,0
Source_GW-IM,30-09-1930 00:00,1,0
Source_GW-IM,31-10-1930 00:00,1,0.385934711
Source_GW-IM,30-11-1930 00:00,1,0.110267058
Source_GW-IM,31-12-1930 00:00,1,0
Source_GW-IM,31-01-1931 00:00,1,3.032344103
Source_GW-IM,28-02-1931 00:00,1,1.709139466
Source_GW-IM,31-03-1931 00:00,1,0
Source_GW-IM,30-04-1931 00:00,1,4.079881191
Source_GW-IM,31-05-1931 00:00,1,0
Source_GW-IM,30-06-1931 00:00,1,3.418278933
Source_GW-IM,31-07-1931 00:00,1,0
Source_GW-IM,31-08-1931 00:00,1,8.325163841
Source_GW-IM,30-09-1931 00:00,1,0.661602378
Source_GW-IM,31-10-1931 00:00,1,3.874449968
Source_GW-IM,30-11-1931 00:00,1,1.6283921
Source_GW-IM,31-12-1931 00:00,1,9.152686119
Source_GW-IM,31-01-1932 00:00,1,2.358360767
Source_GW-IM,29-02-1932 00:00,1,3.088329792
Source_GW-IM,31-03-1932 00:00,1,0
Source_GW-IM,30-04-1932 00:00,1,0
Source_GW-IM,31-05-1932 00:00,1,1.010726094
Source_GW-IM,30-06-1932 00:00,1,3.425238371
Source_GW-IM,31-07-1932 00:00,1,0
Source_GW-IM,31-08-1932 00:00,1,0.224605784
Source_GW-IM,30-09-1932 00:00,1,6.569719315
Source_GW-IM,31-10-1932 00:00,1,0.662099659
Source_GW-IM,30-11-1932 00:00,1,0
Source_GW-IM,31-12-1932 00:00,1,0.713030398
Source_GW-IM,31-01-1933 00:00,1,7.028442383
Source_GW-IM,28-02-1933 00:00,1,0.050930742
Source_GW-IM,31-03-1933 00:00,1,0
Source_GW-IM,30-04-1933 00:00,1,0.254653722
Source_GW-IM,31-05-1933 00:00,1,0
Source_GW-IM,30-06-1933 00:00,1,0.254653722
Source_GW-IM,31-07-1933 00:00,1,0
Source_GW-IM,31-08-1933 00:00,1,0.101861484
Source_GW-IM,30-09-1933 00:00,1,0
Source_GW-IM,31-10-1933 00:00,1,0.581231236
Source_GW-IM,30-11-1933 00:00,1,0.158517614
Source_GW-IM,31-12-1933 00:00,1,2.641960144
Source_GW-IM,31-01-1934 00:00,1,2.694799423
Source_GW-IM,28-02-1934 00:00,1,0.158517614
Source_GW-IM,31-03-1934 00:00,1,1.58517611
Source_GW-IM,30-04-1934 00:00,1,0
Source_GW-IM,31-05-1934 00:00,1,0.158517614
Source_GW-IM,30-06-1934 00:00,1,0
Source_GW-IM,31-07-1934 00:00,1,3.434548378
Source_GW-IM,31-08-1934 00:00,1,1.109623194
Source_GW-IM,30-09-1934 00:00,1,0
Source_GW-IM,31-10-1934 00:00,1,2.595305204
Source_GW-IM,30-11-1934 00:00,1,1.490919948
Source_GW-IM,31-12-1934 00:00,1,2.981839895
Source_GW-IM,31-01-1935 00:00,1,4.583198071
Source_GW-IM,28-02-1935 00:00,1,3.423593998
Source_GW-IM,31-03-1935 00:00,1,1.93267405
Source_GW-IM,30-04-1935 00:00,1,3.313155413
Source_GW-IM,31-05-1935 00:00,1,0
Source_GW-IM,30-06-1935 00:00,1,0
Source_GW-IM,31-07-1935 00:00,1,0.276096284
Source_GW-IM,31-08-1935 00:00,1,1.104385138
Source_GW-IM,30-09-1935 00:00,1,0.607411802
Source_GW-IM,31-10-1935 00:00,1,4.752075672
Source_GW-IM,30-11-1935 00:00,1,0
Source_GW-IM,31-12-1935 00:00,1,10.6921711
Source_GW-IM,31-01-1936 00:00,1,0.113144666
Source_GW-IM,29-02-1936 00:00,1,17.0848465
Source_GW-IM,31-03-1936 00:00,1,0.113144666
Source_GW-IM,30-04-1936 00:00,1,2.149748564
Source_GW-IM,31-05-1936 00:00,1,0
Source_GW-IM,30-06-1936 00:00,1,0
Source_GW-IM,31-07-1936 00:00,1,2.432610512
Source_GW-IM,31-08-1936 00:00,1,0.792012691
Source_GW-IM,30-09-1936 00:00,1,0
Source_GW-IM,31-10-1936 00:00,1,15.45318222
Source_GW-IM,30-11-1936 00:00,1,0
Source_GW-IM,31-12-1936 00:00,1,11.93076611
Source_GW-IM,31-01-1937 00:00,1,2.783845186
Source_GW-IM,28-02-1937 00:00,1,12.72614956
Source_GW-IM,31-03-1937 00:00,1,0.227252677
Source_GW-IM,30-04-1937 00:00,1,0
Source_GW-IM,31-05-1937 00:00,1,0.227252677
Source_GW-IM,30-06-1937 00:00,1,0
Source_GW-IM,31-07-1937 00:00,1,0
Source_GW-IM,31-08-1937 00:00,1,0
Source_GW-IM,30-09-1937 00:00,1,0.113626339
Source_GW-IM,31-10-1937 00:00,1,0
Source_GW-IM,30-11-1937 00:00,1,0
Source_GW-IM,31-12-1937 00:00,1,13.0494442
Source_GW-IM,31-01-1938 00:00,1,0.056491099
Source_GW-IM,28-02-1938 00:00,1,6.101038933
Source_GW-IM,31-03-1938 00:00,1,12.31505966
Source_GW-IM,30-04-1938 00:00,1,0
Source_GW-IM,31-05-1938 00:00,1,3.615430355
Source_GW-IM,30-06-1938 00:00,1,0.621402085
Source_GW-IM,31-07-1938 00:00,1,0.225964397
Source_GW-IM,31-08-1938 00:00,1,0.16947329
Source_GW-IM,30-09-1938 00:00,1,0.451928794
Source_GW-IM,31-10-1938 00:00,1,0.900036752
Source_GW-IM,30-11-1938 00:00,1,0.056252297
Source_GW-IM,31-12-1938 00:00,1,5.006454468
Source_GW-IM,31-01-1939 00:00,1,6.9752841
Source_GW-IM,28-02-1939 00:00,1,1.856325746
Source_GW-IM,31-03-1939 00:00,1,6.300257206
Source_GW-IM,30-04-1939 00:00,1,3.206380844
Source_GW-IM,31-05-1939 00:00,1,0
Source_GW-IM,30-06-1939 00:00,1,0
Source_GW-IM,31-07-1939 00:00,1,1.631316543
Source_GW-IM,31-08-1939 00:00,1,3.318885326
Source_GW-IM,30-09-1939 00:00,1,3.48764205
Source_GW-IM,31-10-1939 00:00,1,1.157618999
Source_GW-IM,30-11-1939 00:00,1,0
Source_GW-IM,31-12-1939 00:00,1,0.49612245
Source_GW-IM,31-01-1940 00:00,1,5.457346916
Source_GW-IM,29-02-1940 00:00,1,12.23768711
Source_GW-IM,31-03-1940 00:00,1,1.488367319
Source_GW-IM,30-04-1940 00:00,1,0.826870799
Source_GW-IM,31-05-1940 00:00,1,0
Source_GW-IM,30-06-1940 00:00,1,0
Source_GW-IM,31-07-1940 00:00,1,0
Source_GW-IM,31-08-1940 00:00,1,0
Source_GW-IM,30-09-1940 00:00,1,0
Source_GW-IM,31-10-1940 00:00,1,1.253093123
Source_GW-IM,30-11-1940 00:00,1,0.056958783
Source_GW-IM,31-12-1940 00:00,1,12.24613857
Source_GW-IM,31-01-1941 00:00,1,3.30360961
Source_GW-IM,28-02-1941 00:00,1,13.67010784
Source_GW-IM,31-03-1941 00:00,1,3.189691782
Source_GW-IM,30-04-1941 00:00,1,11.33479786
Source_GW-IM,31-05-1941 00:00,1,0.683505416
Source_GW-IM,30-06-1941 00:00,1,0
Source_GW-IM,31-07-1941 00:00,1,0
Source_GW-IM,31-08-1941 00:00,1,1.70876348
Source_GW-IM,30-09-1941 00:00,1,0
Source_GW-IM,31-10-1941 00:00,1,4.116653442
Source_GW-IM,30-11-1941 00:00,1,0.166891366
Source_GW-IM,31-12-1941 00:00,1,14.01887512
Source_GW-IM,31-01-1942 00:00,1,0.778826356
Source_GW-IM,28-02-1942 00:00,1,0.111260906
Source_GW-IM,31-03-1942 00:00,1,1.502022266
Source_GW-IM,30-04-1942 00:00,1,4.227914333
Source_GW-IM,31-05-1942 00:00,1,0
Source_GW-IM,30-06-1942 00:00,1,0
Source_GW-IM,31-07-1942 00:00,1,0
Source_GW-IM,31-08-1942 00:00,1,0
Source_GW-IM,30-09-1942 00:00,1,0.667565465
Source_GW-IM,31-10-1942 00:00,1,0
Source_GW-IM,30-11-1942 00:00,1,0
Source_GW-IM,31-12-1942 00:00,1,3.165645599
Source_GW-IM,31-01-1943 00:00,1,20.5201683
Source_GW-IM,28-02-1943 00:00,1,1.752411008
Source_GW-IM,31-03-1943 00:00,1,5.031115532
Source_GW-IM,30-04-1943 00:00,1,1.752411008
Source_GW-IM,31-05-1943 00:00,1,0
Source_GW-IM,30-06-1943 00:00,1,0.056529388
Source_GW-IM,31-07-1943 00:00,1,0.226117551
Source_GW-IM,31-08-1943 00:00,1,0
Source_GW-IM,30-09-1943 00:00,1,4.804997921
Source_GW-IM,31-10-1943 00:00,1,0.554885507
Source_GW-IM,30-11-1943 00:00,1,0
Source_GW-IM,31-12-1943 00:00,1,13.92762566
Source_GW-IM,31-01-1944 00:00,1,2.66345048
Source_GW-IM,29-02-1944 00:00,1,4.99396944
Source_GW-IM,31-03-1944 00:00,1,1.942099214
Source_GW-IM,30-04-1944 00:00,1,0.277442753
Source_GW-IM,31-05-1944 00:00,1,0
Source_GW-IM,30-06-1944 00:00,1,0
Source_GW-IM,31-07-1944 00:00,1,0
Source_GW-IM,31-08-1944 00:00,1,0
Source_GW-IM,30-09-1944 00:00,1,0
Source_GW-IM,31-10-1944 00:00,1,0.452768654
Source_GW-IM,30-11-1944 00:00,1,2.603419781
Source_GW-IM,31-12-1944 00:00,1,0.905537307
Source_GW-IM,31-01-1945 00:00,1,0
Source_GW-IM,28-02-1945 00:00,1,20.48778152
Source_GW-IM,31-03-1945 00:00,1,12.67752266
Source_GW-IM,30-04-1945 00:00,1,0
Source_GW-IM,31-05-1945 00:00,1,0
Source_GW-IM,30-06-1945 00:00,1,0
Source_GW-IM,31-07-1945 00:00,1,0.282980412
Source_GW-IM,31-08-1945 00:00,1,0.396172583
Source_GW-IM,30-09-1945 00:00,1,0.792345166
Source_GW-IM,31-10-1945 00:00,1,17.43785477
Source_GW-IM,30-11-1945 00:00,1,0.849246204
Source_GW-IM,31-12-1945 00:00,1,12.79530811
Source_GW-IM,31-01-1946 00:00,1,0.962478995
Source_GW-IM,28-02-1946 00:00,1,0
Source_GW-IM,31-03-1946 00:00,1,0.792629778
Source_GW-IM,30-04-1946 00:00,1,0.226465642
Source_GW-IM,31-05-1946 00:00,1,0.849246204
Source_GW-IM,30-06-1946 00:00,1,0
Source_GW-IM,31-07-1946 00:00,1,1.698492408
Source_GW-IM,31-08-1946 00:00,1,1.981574416
Source_GW-IM,30-09-1946 00:00,1,1.41541028
Source_GW-IM,31-10-1946 00:00,1,0.900229096
Source_GW-IM,30-11-1946 00:00,1,22.89957809
Source_GW-IM,31-12-1946 00:00,1,7.258096695
Source_GW-IM,31-01-1947 00:00,1,0.506378829
Source_GW-IM,28-02-1947 00:00,1,0
Source_GW-IM,31-03-1947 00:00,1,0.168792948
Source_GW-IM,30-04-1947 00:00,1,1.06902194
Source_GW-IM,31-05-1947 00:00,1,0
Source_GW-IM,30-06-1947 00:00,1,0
Source_GW-IM,31-07-1947 00:00,1,0
Source_GW-IM,31-08-1947 00:00,1,0.112528637
Source_GW-IM,30-09-1947 00:00,1,0
Source_GW-IM,31-10-1947 00:00,1,1.420241117
Source_GW-IM,30-11-1947 00:00,1,0.08876507
Source_GW-IM,31-12-1947 00:00,1,0.798885584
Source_GW-IM,31-01-1948 00:00,1,0
Source_GW-IM,29-02-1948 00:00,1,0
Source_GW-IM,31-03-1948 00:00,1,0
Source_GW-IM,30-04-1948 00:00,1,0.887650669
Source_GW-IM,31-05-1948 00:00,1,0
Source_GW-IM,30-06-1948 00:00,1,1.065180779
Source_GW-IM,31-07-1948 00:00,1,0
Source_GW-IM,31-08-1948 00:00,1,0
Source_GW-IM,30-09-1948 00:00,1,0
Source_GW-IM,31-10-1948 00:00,1,0.102753848
Source_GW-IM,30-11-1948 00:00,1,0
Source_GW-IM,31-12-1948 00:00,1,1.952323198
Source_GW-IM,31-01-1949 00:00,1,2.774353743
Source_GW-IM,28-02-1949 00:00,1,0.616523087
Source_GW-IM,31-03-1949 00:00,1,0.411015391
Source_GW-IM,30-04-1949 00:00,1,0
Source_GW-IM,31-05-1949 00:00,1,2.260584593
Source_GW-IM,30-06-1949 00:00,1,0
Source_GW-IM,31-07-1949 00:00,1,1.335799932
Source_GW-IM,31-08-1949 00:00,1,0.256884634
Source_GW-IM,30-09-1949 00:00,1,0
Source_GW-IM,31-10-1949 00:00,1,0
Source_GW-IM,30-11-1949 00:00,1,3.561041594
Source_GW-IM,31-12-1949 00:00,1,2.520121574
Source_GW-IM,31-01-1950 00:00,1,1.698342919
Source_GW-IM,28-02-1950 00:00,1,4.05410862
Source_GW-IM,31-03-1950 00:00,1,0.821778774
Source_GW-IM,30-04-1950 00:00,1,0
Source_GW-IM,31-05-1950 00:00,1,0
Source_GW-IM,30-06-1950 00:00,1,0
Source_GW-IM,31-07-1950 00:00,1,3.7801826
Source_GW-IM,31-08-1950 00:00,1,1.040919781
Source_GW-IM,30-09-1950 00:00,1,2.136625051
Source_GW-IM,31-10-1950 00:00,1,1.641540527
Source_GW-IM,30-11-1950 00:00,1,23.20798683
Source_GW-IM,31-12-1950 00:00,1,4.358573437
Source_GW-IM,31-01-1951 00:00,1,4.641597748
Source_GW-IM,28-02-1951 00:00,1,0
Source_GW-IM,31-03-1951 00:00,1,0.056604847
Source_GW-IM,30-04-1951 00:00,1,2.547218084
Source_GW-IM,31-05-1951 00:00,1,0.849072635
Source_GW-IM,30-06-1951 00:00,1,0.226419389
Source_GW-IM,31-07-1951 00:00,1,1.245306611
Source_GW-IM,31-08-1951 00:00,1,0
Source_GW-IM,30-09-1951 00:00,1,0
Source_GW-IM,31-10-1951 00:00,1,0.285584569
Source_GW-IM,30-11-1951 00:00,1,1.028104424
Source_GW-IM,31-12-1951 00:00,1,25.98819542
Source_GW-IM,31-01-1952 00:00,1,11.13779831
Source_GW-IM,29-02-1952 00:00,1,0
Source_GW-IM,31-03-1952 00:00,1,3.883950233
Source_GW-IM,30-04-1952 00:00,1,5.654574394
Source_GW-IM,31-05-1952 00:00,1,0
Source_GW-IM,30-06-1952 00:00,1,0
Source_GW-IM,31-07-1952 00:00,1,1.37080586
Source_GW-IM,31-08-1952 00:00,1,0
Source_GW-IM,30-09-1952 00:00,1,3.312780857
Source_GW-IM,31-10-1952 00:00,1,0
Source_GW-IM,30-11-1952 00:00,1,2.153817177
Source_GW-IM,31-12-1952 00:00,1,3.467120409
Source_GW-IM,31-01-1953 00:00,1,1.155706763
Source_GW-IM,28-02-1953 00:00,1,0.105064251
Source_GW-IM,31-03-1953 00:00,1,1.786092281
Source_GW-IM,30-04-1953 00:00,1,2.311413527
Source_GW-IM,31-05-1953 00:00,1,0.787981868
Source_GW-IM,30-06-1953 00:00,1,0
Source_GW-IM,31-07-1953 00:00,1,0
Source_GW-IM,31-08-1953 00:00,1,0.052532125
Source_GW-IM,30-09-1953 00:00,1,0
Source_GW-IM,31-10-1953 00:00,1,0.055370975
Source_GW-IM,30-11-1953 00:00,1,0.332225859
Source_GW-IM,31-12-1953 00:00,1,3.156145334
Source_GW-IM,31-01-1954 00:00,1,10.13288879
Source_GW-IM,28-02-1954 00:00,1,5.48172617
Source_GW-IM,31-03-1954 00:00,1,1.107419491
Source_GW-IM,30-04-1954 00:00,1,0
Source_GW-IM,31-05-1954 00:00,1,0
Source_GW-IM,30-06-1954 00:00,1,0.055370975
Source_GW-IM,31-07-1954 00:00,1,2.048726082
Source_GW-IM,31-08-1954 00:00,1,0
Source_GW-IM,30-09-1954 00:00,1,1.052048564
Source_GW-IM,31-10-1954 00:00,1,0
Source_GW-IM,30-11-1954 00:00,1,3.697036505
Source_GW-IM,31-12-1954 00:00,1,1.267555475
Source_GW-IM,31-01-1955 00:00,1,1.79570353
Source_GW-IM,28-02-1955 00:00,1,2.53511095
Source_GW-IM,31-03-1955 00:00,1,0
Source_GW-IM,30-04-1955 00:00,1,1.161925793
Source_GW-IM,31-05-1955 00:00,1,0.36970365
Source_GW-IM,30-06-1955 00:00,1,0
Source_GW-IM,31-07-1955 00:00,1,0.264074057
Source_GW-IM,31-08-1955 00:00,1,1.373185039
Source_GW-IM,30-09-1955 00:00,1,0
Source_GW-IM,31-10-1955 00:00,1,0
Source_GW-IM,30-11-1955 00:00,1,0.056895465
Source_GW-IM,31-12-1955 00:00,1,24.63573647
Source_GW-IM,31-01-1956 00:00,1,15.30488014
Source_GW-IM,29-02-1956 00:00,1,0
Source_GW-IM,31-03-1956 00:00,1,0
Source_GW-IM,30-04-1956 00:00,1,5.234382629
Source_GW-IM,31-05-1956 00:00,1,0.113790929
Source_GW-IM,30-06-1956 00:00,1,0
Source_GW-IM,31-07-1956 00:00,1,0.284477323
Source_GW-IM,31-08-1956 00:00,1,0
Source_GW-IM,30-09-1956 00:00,1,0
Source_GW-IM,31-10-1956 00:00,1,3.080417871
Source_GW-IM,30-11-1956 00:00,1,0
Source_GW-IM,31-12-1956 00:00,1,0
Source_GW-IM,31-01-1957 00:00,1,9.129238129
Source_GW-IM,28-02-1957 00:00,1,3.64049387
Source_GW-IM,31-03-1957 00:00,1,2.632356882
Source_GW-IM,30-04-1957 00:00,1,3.304448128
Source_GW-IM,31-05-1957 00:00,1,6.944941998
Source_GW-IM,30-06-1957 00:00,1,0
Source_GW-IM,31-07-1957 00:00,1,0
Source_GW-IM,31-08-1957 00:00,1,0
Source_GW-IM,30-09-1957 00:00,1,0.784106374
Source_GW-IM,31-10-1957 00:00,1,1.409632444
Source_GW-IM,30-11-1957 00:00,1,2.650109053
Source_GW-IM,31-12-1957 00:00,1,5.864070892
Source_GW-IM,31-01-1958 00:00,1,6.653464794
Source_GW-IM,28-02-1958 00:00,1,8.514180183
Source_GW-IM,31-03-1958 00:00,1,2.875650167
Source_GW-IM,30-04-1958 00:00,1,5.356603146
Source_GW-IM,31-05-1958 00:00,1,0
Source_GW-IM,30-06-1958 00:00,1,0
Source_GW-IM,31-07-1958 00:00,1,0
Source_GW-IM,31-08-1958 00:00,1,0.902164698
Source_GW-IM,30-09-1958 00:00,1,0.563852966
Source_GW-IM,31-10-1958 00:00,1,0.259702176
Source_GW-IM,30-11-1958 00:00,1,1.402391791
Source_GW-IM,31-12-1958 00:00,1,0.051940437
Source_GW-IM,31-01-1959 00:00,1,0.779106557
Source_GW-IM,28-02-1959 00:00,1,6.2847929
Source_GW-IM,31-03-1959 00:00,1,0.363583058
Source_GW-IM,30-04-1959 00:00,1,0
Source_GW-IM,31-05-1959 00:00,1,0
Source_GW-IM,30-06-1959 00:00,1,0
Source_GW-IM,31-07-1959 00:00,1,0.20776175
Source_GW-IM,31-08-1959 00:00,1,0.051940437
Source_GW-IM,30-09-1959 00:00,1,1.246570468
Source_GW-IM,31-10-1959 00:00,1,0
Source_GW-IM,30-11-1959 00:00,1,0
Source_GW-IM,31-12-1959 00:00,1,1.35746038
Source_GW-IM,31-01-1960 00:00,1,0.301657856
Source_GW-IM,29-02-1960 00:00,1,6.284538746
Source_GW-IM,31-03-1960 00:00,1,0
Source_GW-IM,30-04-1960 00:00,1,0
Source_GW-IM,31-05-1960 00:00,1,0.050276313
Source_GW-IM,30-06-1960 00:00,1,0
Source_GW-IM,31-07-1960 00:00,1,0
Source_GW-IM,31-08-1960 00:00,1,0
Source_GW-IM,30-09-1960 00:00,1,0.251381576
Source_GW-IM,31-10-1960 00:00,1,1.644192934
Source_GW-IM,30-11-1960 00:00,1,11.12570477
Source_GW-IM,31-12-1960 00:00,1,0
Source_GW-IM,31-01-1961 00:00,1,3.123966455
Source_GW-IM,28-02-1961 00:00,1,0.054806434
Source_GW-IM,31-03-1961 00:00,1,0.109612867
Source_GW-IM,30-04-1961 00:00,1,0.274032146
Source_GW-IM,31-05-1961 00:00,1,0.164419279
Source_GW-IM,30-06-1961 00:00,1,0.164419279
Source_GW-IM,31-07-1961 00:00,1,0.602870762
Source_GW-IM,31-08-1961 00:00,1,2.466289282
Source_GW-IM,30-09-1961 00:00,1,0
Source_GW-IM,31-10-1961 00:00,1,0
Source_GW-IM,30-11-1961 00:00,1,2.492491484
Source_GW-IM,31-12-1961 00:00,1,1.019655585
Source_GW-IM,31-01-1962 00:00,1,6.684409142
Source_GW-IM,28-02-1962 00:00,1,21.58271027
Source_GW-IM,31-03-1962 00:00,1,1.756073594
Source_GW-IM,30-04-1962 00:00,1,0
Source_GW-IM,31-05-1962 00:00,1,1.586130977
Source_GW-IM,30-06-1962 00:00,1,1.246245742
Source_GW-IM,31-07-1962 00:00,1,1.472835898
Source_GW-IM,31-08-1962 00:00,1,0
Source_GW-IM,30-09-1962 00:00,1,1.812721133
Source_GW-IM,31-10-1962 00:00,1,0.858945549
Source_GW-IM,30-11-1962 00:00,1,0
Source_GW-IM,31-12-1962 00:00,1,0.057263035
Source_GW-IM,31-01-1963 00:00,1,12.65513134
Source_GW-IM,28-02-1963 00:00,1,22.33258438
Source_GW-IM,31-03-1963 00:00,1,2.576836586
Source_GW-IM,30-04-1963 00:00,1,2.061469078
Source_GW-IM,31-05-1963 00:00,1,0.916208565
Source_GW-IM,30-06-1963 00:00,1,4.81009531
Source_GW-IM,31-07-1963 00:00,1,0
Source_GW-IM,31-08-1963 00:00,1,7.959561348
Source_GW-IM,30-09-1963 00:00,1,4.3519907
Source_GW-IM,31-10-1963 00:00,1,0.689445019
Source_GW-IM,30-11-1963 00:00,1,0.129270956
Source_GW-IM,31-12-1963 00:00,1,0
Source_GW-IM,31-01-1964 00:00,1,0.603264451
Source_GW-IM,29-02-1964 00:00,1,0
Source_GW-IM,31-03-1964 00:00,1,0.086180627
Source_GW-IM,30-04-1964 00:00,1,0.301632226
Source_GW-IM,31-05-1964 00:00,1,1.508161068
Source_GW-IM,30-06-1964 00:00,1,0
Source_GW-IM,31-07-1964 00:00,1,0.301632226
Source_GW-IM,31-08-1964 00:00,1,0.172361255
Source_GW-IM,30-09-1964 00:00,1,0
Source_GW-IM,31-10-1964 00:00,1,0.610374033
Source_GW-IM,30-11-1964 00:00,1,1.1652596
Source_GW-IM,31-12-1964 00:00,1,6.880579948
Source_GW-IM,31-01-1965 00:00,1,2.219542027
Source_GW-IM,28-02-1965 00:00,1,0
Source_GW-IM,31-03-1965 00:00,1,0.110977098
Source_GW-IM,30-04-1965 00:00,1,6.436671257
Source_GW-IM,31-05-1965 00:00,1,0
Source_GW-IM,30-06-1965 00:00,1,0.776839674
Source_GW-IM,31-07-1965 00:00,1,5.437877655
Source_GW-IM,31-08-1965 00:00,1,0.721351087
Source_GW-IM,30-09-1965 00:00,1,0
Source_GW-IM,31-10-1965 00:00,1,0
Source_GW-IM,30-11-1965 00:00,1,14.12171745
Source_GW-IM,31-12-1965 00:00,1,3.84638238
Source_GW-IM,31-01-1966 00:00,1,0
Source_GW-IM,28-02-1966 00:00,1,0
Source_GW-IM,31-03-1966 00:00,1,0
Source_GW-IM,30-04-1966 00:00,1,0
Source_GW-IM,31-05-1966 00:00,1,1.318759799
Source_GW-IM,30-06-1966 00:00,1,0
Source_GW-IM,31-07-1966 00:00,1,0.164844975
Source_GW-IM,31-08-1966 00:00,1,0.38463822
Source_GW-IM,30-09-1966 00:00,1,0.71432817
Source_GW-IM,31-10-1966 00:00,1,0
Source_GW-IM,30-11-1966 00:00,1,2.186948776
Source_GW-IM,31-12-1966 00:00,1,56.97576904
Source_GW-IM,31-01-1967 00:00,1,9.956371307
Source_GW-IM,28-02-1967 00:00,1,0
Source_GW-IM,31-03-1967 00:00,1,0.172653839
Source_GW-IM,30-04-1967 00:00,1,1.72653842
Source_GW-IM,31-05-1967 00:00,1,0.690615356
Source_GW-IM,30-06-1967 00:00,1,0.402858943
Source_GW-IM,31-07-1967 00:00,1,0.05755128
Source_GW-IM,31-08-1967 00:00,1,1.035923004
Source_GW-IM,30-09-1967 00:00,1,1.899192214
Source_GW-IM,31-10-1967 00:00,1,0
Source_GW-IM,30-11-1967 00:00,1,4.604836941
Source_GW-IM,31-12-1967 00:00,1,0.465657651
Source_GW-IM,31-01-1968 00:00,1,0.103479475
Source_GW-IM,29-02-1968 00:00,1,2.224808693
Source_GW-IM,31-03-1968 00:00,1,0.724356353
Source_GW-IM,30-04-1968 00:00,1,0.051739737
Source_GW-IM,31-05-1968 00:00,1,0.413917899
Source_GW-IM,30-06-1968 00:00,1,0.051739737
Source_GW-IM,31-07-1968 00:00,1,1.655671597
Source_GW-IM,31-08-1968 00:00,1,0
Source_GW-IM,30-09-1968 00:00,1,0
Source_GW-IM,31-10-1968 00:00,1,0.519744337
Source_GW-IM,30-11-1968 00:00,1,0.80849117
Source_GW-IM,31-12-1968 00:00,1,1.847979784
Source_GW-IM,31-01-1969 00:00,1,61.84957886
Source_GW-IM,28-02-1969 00:00,1,21.25176811
Source_GW-IM,31-03-1969 00:00,1,2.136726618
Source_GW-IM,30-04-1969 00:00,1,0.404245585
Source_GW-IM,31-05-1969 00:00,1,1.501483679
Source_GW-IM,30-06-1969 00:00,1,0.923989892
Source_GW-IM,31-07-1969 00:00,1,1.212736726
Source_GW-IM,31-08-1969 00:00,1,0.346496195
Source_GW-IM,30-09-1969 00:00,1,0.173248097
Source_GW-IM,31-10-1969 00:00,1,0
Source_GW-IM,30-11-1969 00:00,1,0.030451378
Source_GW-IM,31-12-1969 00:00,1,0.700381696
Source_GW-IM,31-01-1970 00:00,1,5.5116992
Source_GW-IM,28-02-1970 00:00,1,2.344755888
Source_GW-IM,31-03-1970 00:00,1,0.517673433
Source_GW-IM,30-04-1970 00:00,1,0
Source_GW-IM,31-05-1970 00:00,1,0.091354132
Source_GW-IM,30-06-1970 00:00,1,0
Source_GW-IM,31-07-1970 00:00,1,0.54812479
Source_GW-IM,31-08-1970 00:00,1,0.274062395
Source_GW-IM,30-09-1970 00:00,1,0
Source_GW-IM,31-10-1970 00:00,1,0
Source_GW-IM,30-11-1970 00:00,1,3.966798067
Source_GW-IM,31-12-1970 00:00,1,0.890848696
Source_GW-IM,31-01-1971 00:00,1,0
Source_GW-IM,28-02-1971 00:00,1,0.03361693
Source_GW-IM,31-03-1971 00:00,1,0.06723386
Source_GW-IM,30-04-1971 00:00,1,0
Source_GW-IM,31-05-1971 00:00,1,1.647229671
Source_GW-IM,30-06-1971 00:00,1,0
Source_GW-IM,31-07-1971 00:00,1,0.184893116
Source_GW-IM,31-08-1971 00:00,1,0
Source_GW-IM,30-09-1971 00:00,1,0
Source_GW-IM,31-10-1971 00:00,1,0.242181823
Source_GW-IM,30-11-1971 00:00,1,0
Source_GW-IM,31-12-1971 00:00,1,1.658945441
Source_GW-IM,31-01-1972 00:00,1,0
Source_GW-IM,29-02-1972 00:00,1,0
Source_GW-IM,31-03-1972 00:00,1,0
Source_GW-IM,30-04-1972 00:00,1,0
Source_GW-IM,31-05-1972 00:00,1,0
Source_GW-IM,30-06-1972 00:00,1,0.048436362
Source_GW-IM,31-07-1972 00:00,1,0.157418191
Source_GW-IM,31-08-1972 00:00,1,0.036327273
Source_GW-IM,30-09-1972 00:00,1,0
Source_GW-IM,31-10-1972 00:00,1,0.419630021
Source_GW-IM,30-11-1972 00:00,1,2.457833052
Source_GW-IM,31-12-1972 00:00,1,0.879224837
Source_GW-IM,31-01-1973 00:00,1,5.714961529
Source_GW-IM,28-02-1973 00:00,1,3.237145901
Source_GW-IM,31-03-1973 00:00,1,0.879224837
Source_GW-IM,30-04-1973 00:00,1,0
Source_GW-IM,31-05-1973 00:00,1,0.599471509
Source_GW-IM,30-06-1973 00:00,1,0
Source_GW-IM,31-07-1973 00:00,1,0.079929531
Source_GW-IM,31-08-1973 00:00,1,0.759330511
Source_GW-IM,30-09-1973 00:00,1,0
Source_GW-IM,31-10-1973 00:00,1,0
Source_GW-IM,30-11-1973 00:00,1,2.407168865
Source_GW-IM,31-12-1973 00:00,1,0.171940625
Source_GW-IM,31-01-1974 00:00,1,4.445893288
Source_GW-IM,28-02-1974 00:00,1,0
Source_GW-IM,31-03-1974 00:00,1,2.849301815
Source_GW-IM,30-04-1974 00:00,1,0.810577214
Source_GW-IM,31-05-1974 00:00,1,0.343881249
Source_GW-IM,30-06-1974 00:00,1,0
Source_GW-IM,31-07-1974 00:00,1,0.319318295
Source_GW-IM,31-08-1974 00:00,1,0.073688835
Source_GW-IM,30-09-1974 00:00,1,0
Source_GW-IM,31-10-1974 00:00,1,1.471240044
Source_GW-IM,30-11-1974 00:00,1,0.340897083
Source_GW-IM,31-12-1974 00:00,1,1.345646262
Source_GW-IM,31-01-1975 00:00,1,0.053825852
Source_GW-IM,28-02-1975 00:00,1,0.30501318
Source_GW-IM,31-03-1975 00:00,1,1.255936503
Source_GW-IM,30-04-1975 00:00,1,0.107651703
Source_GW-IM,31-05-1975 00:00,1,0
Source_GW-IM,30-06-1975 00:00,1,0.269129246
Source_GW-IM,31-07-1975 00:00,1,0.143535599
Source_GW-IM,31-08-1975 00:00,1,0
Source_GW-IM,30-09-1975 00:00,1,1.435356021
Source_GW-IM,31-10-1975 00:00,1,0
Source_GW-IM,30-11-1975 00:00,1,0
Source_GW-IM,31-12-1975 00:00,1,0.412741214
Source_GW-IM,31-01-1976 00:00,1,0
Source_GW-IM,29-02-1976 00:00,1,9.204128265
Source_GW-IM,31-03-1976 00:00,1,1.692238927
Source_GW-IM,30-04-1976 00:00,1,1.320771813
Source_GW-IM,31-05-1976 00:00,1,2.806640148
Source_GW-IM,30-06-1976 00:00,1,0.536563575
Source_GW-IM,31-07-1976 00:00,1,4.044863701
Source_GW-IM,31-08-1976 00:00,1,0.041274119
Source_GW-IM,30-09-1976 00:00,1,8.915210724
Source_GW-IM,31-10-1976 00:00,1,0
Source_GW-IM,30-11-1976 00:00,1,0
Source_GW-IM,31-12-1976 00:00,1,0.044474848
Source_GW-IM,31-01-1977 00:00,1,2.134792566
Source_GW-IM,28-02-1977 00:00,1,1.512144804
Source_GW-IM,31-03-1977 00:00,1,0.266849071
Source_GW-IM,30-04-1977 00:00,1,0
Source_GW-IM,31-05-1977 00:00,1,4.669858932
Source_GW-IM,30-06-1977 00:00,1,3.024289608
Source_GW-IM,31-07-1977 00:00,1,0.578173041
Source_GW-IM,31-08-1977 00:00,1,2.446116447
Source_GW-IM,30-09-1977 00:00,1,0
Source_GW-IM,31-10-1977 00:00,1,0.166914478
Source_GW-IM,30-11-1977 00:00,1,0
Source_GW-IM,31-12-1977 00:00,1,6.199680805
Source_GW-IM,31-01-1978 00:00,1,5.579712391
Source_GW-IM,28-02-1978 00:00,1,6.748114109
Source_GW-IM,31-03-1978 00:00,1,4.506690979
Source_GW-IM,30-04-1978 00:00,1,0.238449261
Source_GW-IM,31-05-1978 00:00,1,0.166914478
Source_GW-IM,30-06-1978 00:00,1,0
Source_GW-IM,31-07-1978 00:00,1,0.763037622
Source_GW-IM,31-08-1978 00:00,1,0
Source_GW-IM,30-09-1978 00:00,1,1.526075244
Source_GW-IM,31-10-1978 00:00,1,0
Source_GW-IM,30-11-1978 00:00,1,5.89083147
Source_GW-IM,31-12-1978 00:00,1,0.640307724
Source_GW-IM,31-01-1979 00:00,1,10.75717068
Source_GW-IM,28-02-1979 00:00,1,6.146954536
Source_GW-IM,31-03-1979 00:00,1,7.299508572
Source_GW-IM,30-04-1979 00:00,1,0
Source_GW-IM,31-05-1979 00:00,1,2.689292669
Source_GW-IM,30-06-1979 00:00,1,0
Source_GW-IM,31-07-1979 00:00,1,0.768369317
Source_GW-IM,31-08-1979 00:00,1,0
Source_GW-IM,30-09-1979 00:00,1,3.5857234
Source_GW-IM,31-10-1979 00:00,1,0.564770579
Source_GW-IM,30-11-1979 00:00,1,0.621247649
Source_GW-IM,31-12-1979 00:00,1,0.056477059
Source_GW-IM,31-01-1980 00:00,1,15.81357574
Source_GW-IM,29-02-1980 00:00,1,22.13900757
Source_GW-IM,31-03-1980 00:00,1,2.597944736
Source_GW-IM,30-04-1980 00:00,1,4.744072914
Source_GW-IM,31-05-1980 00:00,1,0.451816469
Source_GW-IM,30-06-1980 00:00,1,0
Source_GW-IM,31-07-1980 00:00,1,0
Source_GW-IM,31-08-1980 00:00,1,0
Source_GW-IM,30-09-1980 00:00,1,0.28238529
Source_GW-IM,31-10-1980 00:00,1,0
Source_GW-IM,30-11-1980 00:00,1,0.158679247
Source_GW-IM,31-12-1980 00:00,1,1.523320675
Source_GW-IM,31-01-1981 00:00,1,1.967622519
Source_GW-IM,28-02-1981 00:00,1,0.666452825
Source_GW-IM,31-03-1981 00:00,1,3.681358337
Source_GW-IM,30-04-1981 00:00,1,2.06283021
Source_GW-IM,31-05-1981 00:00,1,0.856867909
Source_GW-IM,30-06-1981 00:00,1,0
Source_GW-IM,31-07-1981 00:00,1,0
Source_GW-IM,31-08-1981 00:00,1,0.063471697
Source_GW-IM,30-09-1981 00:00,1,0
Source_GW-IM,31-10-1981 00:00,1,0.31952256
Source_GW-IM,30-11-1981 00:00,1,1.89938426
Source_GW-IM,31-12-1981 00:00,1,0.053253762
Source_GW-IM,31-01-1982 00:00,1,1.100577831
Source_GW-IM,28-02-1982 00:00,1,0.443781376
Source_GW-IM,31-03-1982 00:00,1,1.384597898
Source_GW-IM,30-04-1982 00:00,1,1.668617964
Source_GW-IM,31-05-1982 00:00,1,0.035502508
Source_GW-IM,30-06-1982 00:00,1,0.106507525
Source_GW-IM,31-07-1982 00:00,1,0.071005017
Source_GW-IM,31-08-1982 00:00,1,0.479283869
Source_GW-IM,30-09-1982 00:00,1,1.029572725
Source_GW-IM,31-10-1982 00:00,1,4.025972843
Source_GW-IM,30-11-1982 00:00,1,9.282104492
Source_GW-IM,31-12-1982 00:00,1,10.45634556
Source_GW-IM,31-01-1983 00:00,1,8.834774017
Source_GW-IM,28-02-1983 00:00,1,10.06493282
Source_GW-IM,31-03-1983 00:00,1,7.49278307
Source_GW-IM,30-04-1983 00:00,1,1.845237494
Source_GW-IM,31-05-1983 00:00,1,0
Source_GW-IM,30-06-1983 00:00,1,0.111832581
Source_GW-IM,31-07-1983 00:00,1,0
Source_GW-IM,31-08-1983 00:00,1,6.318540573
Source_GW-IM,30-09-1983 00:00,1,1.006493211
Source_GW-IM,31-10-1983 00:00,1,0.443639278
Source_GW-IM,30-11-1983 00:00,1,2.861473322
Source_GW-IM,31-12-1983 00:00,1,4.059299469
Source_GW-IM,31-01-1984 00:00,1,0
Source_GW-IM,29-02-1984 00:00,1,0.266183555
Source_GW-IM,31-03-1984 00:00,1,0.199637681
Source_GW-IM,30-04-1984 00:00,1,0.044363931
Source_GW-IM,31-05-1984 00:00,1,0
Source_GW-IM,30-06-1984 00:00,1,0
Source_GW-IM,31-07-1984 00:00,1,0.332729459
Source_GW-IM,31-08-1984 00:00,1,0.887278557
Source_GW-IM,30-09-1984 00:00,1,0.044363931
Source_GW-IM,31-10-1984 00:00,1,1.296709776
Source_GW-IM,30-11-1984 00:00,1,6.064025402
Source_GW-IM,31-12-1984 00:00,1,4.958008289
Source_GW-IM,31-01-1985 00:00,1,1.029740214
Source_GW-IM,28-02-1985 00:00,1,0
Source_GW-IM,31-03-1985 00:00,1,1.601818085
Source_GW-IM,30-04-1985 00:00,1,0
Source_GW-IM,31-05-1985 00:00,1,0
Source_GW-IM,30-06-1985 00:00,1,3.775713921
Source_GW-IM,31-07-1985 00:00,1,2.250172853
Source_GW-IM,31-08-1985 00:00,1,0
Source_GW-IM,30-09-1985 00:00,1,0.610216439
Source_GW-IM,31-10-1985 00:00,1,0.09408816
Source_GW-IM,30-11-1985 00:00,1,2.785009623
Source_GW-IM,31-12-1985 00:00,1,0.677434742
Source_GW-IM,31-01-1986 00:00,1,3.98933816
Source_GW-IM,28-02-1986 00:00,1,7.282423973
Source_GW-IM,31-03-1986 00:00,1,2.615651131
Source_GW-IM,30-04-1986 00:00,1,1.411322474
Source_GW-IM,31-05-1986 00:00,1,0
Source_GW-IM,30-06-1986 00:00,1,0
Source_GW-IM,31-07-1986 00:00,1,0
Source_GW-IM,31-08-1986 00:00,1,0.301082134
Source_GW-IM,30-09-1986 00:00,1,0.056452896
Source_GW-IM,31-10-1986 00:00,1,0
Source_GW-IM,30-11-1986 00:00,1,1.881041288
Source_GW-IM,31-12-1986 00:00,1,0
Source_GW-IM,31-01-1987 00:00,1,0.995845437
Source_GW-IM,28-02-1987 00:00,1,2.102340221
Source_GW-IM,31-03-1987 00:00,1,0.995845437
Source_GW-IM,30-04-1987 00:00,1,0.055324744
Source_GW-IM,31-05-1987 00:00,1,1.991690874
Source_GW-IM,30-06-1987 00:00,1,1.161819696
Source_GW-IM,31-07-1987 00:00,1,0
Source_GW-IM,31-08-1987 00:00,1,0
Source_GW-IM,30-09-1987 00:00,1,0
Source_GW-IM,31-10-1987 00:00,1,1.163446426
Source_GW-IM,30-11-1987 00:00,1,3.445591211
Source_GW-IM,31-12-1987 00:00,1,1.924161315
Source_GW-IM,31-01-1988 00:00,1,4.474793911
Source_GW-IM,29-02-1988 00:00,1,0.760714948
Source_GW-IM,31-03-1988 00:00,1,1.297690153
Source_GW-IM,30-04-1988 00:00,1,1.521429896
Source_GW-IM,31-05-1988 00:00,1,0.134243816
Source_GW-IM,30-06-1988 00:00,1,0.536975265
Source_GW-IM,31-07-1988 00:00,1,0
Source_GW-IM,31-08-1988 00:00,1,0.089495875
Source_GW-IM,30-09-1988 00:00,1,2.326892853
Source_GW-IM,31-10-1988 00:00,1,0
Source_GW-IM,30-11-1988 00:00,1,0.358028173
Source_GW-IM,31-12-1988 00:00,1,2.588819027
Source_GW-IM,31-01-1989 00:00,1,0.082621887
Source_GW-IM,28-02-1989 00:00,1,0.660975099
Source_GW-IM,31-03-1989 00:00,1,0.578353226
Source_GW-IM,30-04-1989 00:00,1,0
Source_GW-IM,31-05-1989 00:00,1,1.019003272
Source_GW-IM,30-06-1989 00:00,1,0.330487549
Source_GW-IM,31-07-1989 00:00,1,0
Source_GW-IM,31-08-1989 00:00,1,0.826218843
Source_GW-IM,30-09-1989 00:00,1,0.330487549
Source_GW-IM,31-10-1989 00:00,1,0
Source_GW-IM,30-11-1989 00:00,1,1.118965983
Source_GW-IM,31-12-1989 00:00,1,0
Source_GW-IM,31-01-1990 00:00,1,1.707895517
Source_GW-IM,28-02-1990 00:00,1,0
Source_GW-IM,31-03-1990 00:00,1,0
Source_GW-IM,30-04-1990 00:00,1,0.883394241
Source_GW-IM,31-05-1990 00:00,1,0.117785901
Source_GW-IM,30-06-1990 00:00,1,0
Source_GW-IM,31-07-1990 00:00,1,0
Source_GW-IM,31-08-1990 00:00,1,0.294464737
Source_GW-IM,30-09-1990 00:00,1,2.002360344
Source_GW-IM,31-10-1990 00:00,1,0
Source_GW-IM,30-11-1990 00:00,1,0
Source_GW-IM,31-12-1990 00:00,1,0
Source_GW-IM,31-01-1991 00:00,1,0
Source_GW-IM,28-02-1991 00:00,1,3.417357445
Source_GW-IM,31-03-1991 00:00,1,25.60216904
Source_GW-IM,30-04-1991 00:00,1,0
Source_GW-IM,31-05-1991 00:00,1,0
Source_GW-IM,30-06-1991 00:00,1,0
Source_GW-IM,31-07-1991 00:00,1,0
Source_GW-IM,31-08-1991 00:00,1,0.224089012
Source_GW-IM,30-09-1991 00:00,1,0.448178023
Source_GW-IM,31-10-1991 00:00,1,2.075600386
Source_GW-IM,30-11-1991 00:00,1,0.319323123
Source_GW-IM,31-12-1991 00:00,1,2.235261679
Source_GW-IM,31-01-1992 00:00,1,0.745087326
Source_GW-IM,29-02-1992 00:00,1,7.716975212
Source_GW-IM,31-03-1992 00:00,1,2.341702938
Source_GW-IM,30-04-1992 00:00,1,1.436954141
Source_GW-IM,31-05-1992 00:00,1,0.425764173
Source_GW-IM,30-06-1992 00:00,1,0.106441043
Source_GW-IM,31-07-1992 00:00,1,0.319323123
Source_GW-IM,31-08-1992 00:00,1,0
Source_GW-IM,30-09-1992 00:00,1,0
Source_GW-IM,31-10-1992 00:00,1,6.131067753
Source_GW-IM,30-11-1992 00:00,1,0
Source_GW-IM,31-12-1992 00:00,1,3.008764744
Source_GW-IM,31-01-1993 00:00,1,15.61151505
Source_GW-IM,28-02-1993 00:00,1,14.93028545
Source_GW-IM,31-03-1993 00:00,1,2.327535152
Source_GW-IM,30-04-1993 00:00,1,0
Source_GW-IM,31-05-1993 00:00,1,0
Source_GW-IM,30-06-1993 00:00,1,0
Source_GW-IM,31-07-1993 00:00,1,0
Source_GW-IM,31-08-1993 00:00,1,0
Source_GW-IM,30-09-1993 00:00,1,1
