,,NYAA,DYAA,DYCP,MDO
Sop684_ph2b,4,25,25,25,25
Sop685_ph2b,4,20,20,20,20
Sop686_ph2b,4,9,9,9,9
Sop687_ph2b,4,10,10,10,10
Sop688_ph2b,4,20,20,20,20
Sop689_ph2b,4,30,30,30,30
Sop690_ph2b,4,0,24,21,40
Sop691_ph2b,4,8.17,7.17,7.47,5.28
Sop692_ph2b,4,9.56,9.56,9.56,9.26
Sop693_ph2b,4,0,0,5,0
Sop694_ph2b,4,0,0,2.5,0
Sop701_ph2b,4,0,0,5,0
Sop1000_ph2b,4,0,0,5,0
Sop695_ph2b,4,0.77,0.77,1.85,0.77
Sop696_ph2b,4,0.38,0.38,2.57,0.38
Sop1001_ph2b,4,1.37,1.37,2.14,1.37
Sop1002_ph2b,4,0,0,0.77,0
Sop1003_ph2b,4,1.37,1.37,1.37,1.37
Sop1004_ph2b,4,0,0,14.5,0
Sop1005_ph2b,4,0,0,5,0
Sop697_ph2b,4,0,0,3.15,0
Sop698_ph2b,4,3.4,3.4,3.4,3.4
Sop699_ph2b,4,6.4,6.4,0,6.4
Sop1007_ph2b,4,0,0,20,0
Sop1008_ph2b,4,2.07,2.07,4.54,2.07
Sop1125_ph2b,4,0,0,5,0
Sop1127_ph2b,4,0,0,5,0
Sop1128_ph2b,4,0,0,5,0
Sop928_ph2b,4,5,5,5,5
Sop1130_ph2b,4,0.11,0.11,0.91,0.11
Sop1132_ph2b,4,1.4,1.4,4.4,1.4
Sop1133_ph2b,4,0,0,0.41,0
Sop1134_ph2b,4,0,0,0.78,0
Sop1137_ph2b,4,1.27,1.27,1.9,1.27
Sop929_ph2b,4,2,2,2,2
Sop926_ph2b,4,0.31,0.31,0.66,0.31
Sop1140_ph2b,4,0,0,2,0
Sop1129_ph2b,4,1,1,1,1
Sop1142_ph2b,4,0,0,2.55,0
Sop949_ph2b,4,0,0,2.29,0
Sop1143_ph2b,4,0.57,0.57,1.68,0.57
Sop1145_ph2b,4,1.1,1.1,1.1,1.1
Sop1146_ph2b,4,0.27,0.27,0.27,0.27
Sop1147_ph2b,4,0.4,0.4,0.6,0.4
Sop1148_ph2b,4,0,0,10,0
Sop934_ph2b,4,2,2,2,2
Sop1149_ph2b,4,0.5,0.5,0.5,0.5
Sop1150_ph2b,4,0.5,0.5,0.5,0.5
Sop1151_ph2b,4,0.66,0.66,0.66,0.66
Sop938_ph2b,4,10,10,10,10
Sop940_ph2b,4,1.5,1.5,1.5,1.5
Sop1171_ph2b,4,10,10,10,10
Sop943_ph2b,4,5,5,5,5
Sop1153_ph2b,4,1,1,1.5,1
Sop1154_ph2b,4,2.7,2.7,3.5,2.7
Sop1155_ph2b,4,14.5,14.5,18.85,14.5
Sop1156_ph2b,4,6.4,6.4,8.32,6.4
Sop1157_ph2b,4,1.3,1.3,1.7,1.3
Sop1158_ph2b,4,4.3,4.3,5.6,4.3
Sop1172_ph2b,4,0,0,28,0
Sop1159_ph2b,4,2,2,4,2
Sop1160_ph2b,4,0,0,5,0
Sop951_ph2b,4,5,5,5,5
Sop952_ph2b,4,5,5,5,5
Sop954_ph2b,4,0,0,5,0
Sop955_ph2b,4,5,5,5,5
Sop957_ph2b,4,0.14,0.14,0.14,0.14
Sop933_ph2b,4,4,4,4,4
Sop1162_ph2b,4,5,5,6.5,5
Sop1163_ph2b,4,2,2,2.6,2
Sop958_ph2b,4,0.6,0.6,1.4,0.6
Sop1180_ph2b,4,1,1,1.3,1
Sop3000_ph2b,4,2,2,4,2
Sop3001_ph2b,4,0,0,2,0
Sop1010_ph2b,4,2.4,2.4,0,2.4
Sop1011_ph2b,4,5.4,5.4,0,5.4
Sop706_ph2b,4,9.5,9.5,9.5,9.5
Sop1012_ph2b,4,10,10,10,10
Sop748_ph2b,4,8.4,8.4,8.4,8.4
Sop1013_ph2b,4,10,10,10,10
Sop1014_ph2b,4,25,25,25,25
Sop1015_ph2b,4,15,15,15,15
Sop1016_ph2b,4,12.5,12.5,12.5,12.5
Sop1017_ph2b,4,16.2,16.2,16.2,16.2
Sop1019_ph2b,4,1.4,1.4,1.6,1.4
Sop717_ph2b,4,1.5,1.5,1.95,1.5
Sop1026_ph2b,4,0.3,0.3,1.71,0.3
Sop1033_ph2b,4,1.28,1.28,2.4,1.28
Sop1047_ph2b,4,4.1,4.1,6.15,4.1
Sop1048_ph2b,4,14.7,14.7,22.05,14.7
Sop1049_ph2b,4,3.1,3.1,4.65,3.1
Sop753_ph2b,4,9,9,13.5,9
Sop1051_ph2b,4,2,2,2,2
Sop1052_ph2b,4,29,29,29,29
Sop1053_ph2b,4,4.3,4.3,4.3,4.3
Sop1054_ph2b,4,14.6,14.6,14.6,14.6
Sop1055_ph2b,4,10,10,10,10
Sop1056_ph2b,4,5,5,5,5
Sop764_ph2b,4,0,0,0,20
Sop959_ph2b,4,20,20,20,20
Sop1061_ph2b,4,56,56,56,56
Sop1062_ph2b,4,85,85,85,85
Sop1063_ph2b,4,56,56,56,56
Sop1064_ph2b,4,85,85,85,85
Sop1179_ph2b,4,31,31,31,31
Sop767_ph2b,4,10,10,20,10
Sop768_ph2b,4,4.25,4.25,8.5,4.25
Sop769_ph2b,4,1.5,1.5,3,1.5
Sop770_ph2b,4,2.5,2.5,5,2.5
Sop771_ph2b,4,5,5,10,5
Sop772_ph2b,4,6.25,6.25,12.5,6.25
Sop773_ph2b,4,7.5,7.5,15,7.5
Sop774_ph2b,4,8.75,8.75,17.5,8.75
Sop775_ph2b,4,11.25,11.25,22.5,11.25
Sop776_ph2b,4,5,5,10,5
Sop777_ph2b,4,1.25,1.25,2.5,1.25
Sop778_ph2b,4,2.5,2.5,5,2.5
Sop780_ph2b,4,0.3,0.3,0.5,0.3
Sop782_ph2b,4,0.3,0.3,0.5,0.3
Sop781_ph2b,4,0.2,0.2,0.4,0.2
Sop783_ph2b,4,15.2,15.2,17.1,15.2
Sop784_ph2b,4,26.4,26.4,29.9,26.4
Sop785_ph2b,4,12.3,12.3,13.8,12.3
Sop786_ph2b,4,24.4,24.4,27.6,24.4
Sop787_ph2b,4,15,15,15,15
Sop788_ph2b,4,10,10,10,10
Sop789_ph2b,4,5,5,5,5
Sop790_ph2b,4,5,5,5,5
Sop791_ph2b,4,10,10,10,10
Sop792_ph2b,4,25,25,25,25
Sop1065_ph2b,4,45,45,45,45
Sop1057_ph2b,4,10,10,10,10
Sop793_ph2b,4,10,10,10,10
Sop794_ph2b,4,20,20,20,20
Sop795_ph2b,4,10,10,10,10
Sop796_ph2b,4,20,20,20,20
Sop797_ph2b,4,10,10,10,10
Sop798_ph2b,4,20,20,20,20
Sop799_ph2b,4,30,30,30,30
Sop800_ph2b,4,40,40,40,40
Sop801_ph2b,4,5,5,5,5
Sop802_ph2b,4,5,5,5,5
Sop803_ph2b,4,4.62,4.62,4.62,4.62
Sop804_ph2b,4,2.52,2.52,2.52,2.52
Sop806_ph2b,4,0.9,0.9,0.9,0.9
Sop807_ph2b,4,2.47,2.47,2.47,2.47
Sop812_ph2b,4,19,19,20,19
Sop813_ph2b,4,19,19,20,19
Sop814_ph2b,4,5,5,0,5
Sop1059_ph2b,4,0.5,0.5,3.5,0.5
Sop815_ph2b,4,26,26,30,26
Sop816_ph2b,4,12,12,15,12
Sop817_ph2b,4,5,5,10,5
Sop818_ph2b,4,2.5,2.5,5,2.5
Sop819_ph2b,4,10,10,10,10
Sop820_ph2b,4,20,20,20,20
Sop821_ph2b,4,10,10,10,10
Sop809_ph2b,4,2,2,2,2
Sop808_ph2b,4,2,2,2,2
Sop2001_ph2b,4,40,40,40,40
Sop3002_ph2b,4,4.7,4.7,4.7,4.7
Sop3003_ph2b,4,15,15,15,15
Sop3004_ph2b,4,0.5,0.5,0.5,0.5
Sop3005_ph2b,4,10,10,10,10
Sop3006_ph2b,4,4,4,3,4
Sop3007_ph2b,4,20,20,24,20
Sop865_ph2b,4,51,51,51,51
Sop1121_ph2b,4,71,71,71,71
Sop3008_ph2b,4,2,2,2,2
Sop1110_ph2b,4,43,43,43,43
Sop1122_ph2b,4,45,45,45,45
Sop3009_ph2b,4,2,2,2,2
Sop1111_ph2b,4,21,21,21,21
Sop3010_ph2b,4,23,23,23,23
Sop3011_ph2b,4,2,2,2,2
Sop1109_ph2b,4,7,7,7,7
Sop1124_ph2b,4,9,9,9,9
Sop3012_ph2b,4,2,2,2,2
Sop868_ph2b,4,21,21,21,21
Sop1123_ph2b,4,23,23,23,23
Sop900_ph2b,4,17,17,20.2,17
Sop3013_ph2b,4,17,17,17,17
Sop3014_ph2b,4,20,20,24,20
Sop1107_ph2b,4,187,187,187,187
Sop1118_ph2b,4,207,207,207,207
Sop3015_ph2b,4,20,20,24,20
Sop1106_ph2b,4,187,187,187,187
Sop1117_ph2b,4,207,207,207,207
Sop3016_ph2b,4,336,336,336,336
Sop1119_ph2b,4,20,20,24,20
Sop1108_ph2b,4,78,78,78,78
Sop3017_ph2b,4,98,98,98,98
Sop1116_ph2b,4,20,20,24,20
Sop1105_ph2b,4,78,78,78,78
Sop3018_ph2b,4,98,98,98,98
Sop3019_ph2b,4,20,20,24,20
Sop1094_ph2b,4,83,83,83,83
Sop3020_ph2b,4,20,20,24,20
Sop1093_ph2b,4,54,54,54,54
Sop3021_ph2b,4,20,20,24,20
Sop1091_ph2b,4,135,135,135,135
Sop3022_ph2b,4,20,20,24,20
Sop1092_ph2b,4,190,190,190,190
Sop905_ph2b,4,151,151,151,151
Sop3023_ph2b,4,20,20,24,20
Sop1096_ph2b,4,131,131,131,131
Sop3024_ph2b,4,20,20,24,20
Sop1166_ph2b,4,83,83,83,83
Sop3025_ph2b,4,20,20,24,20
Sop1169_ph2b,4,274,274,274,274
Sop3026_ph2b,4,20,20,24,20
Sop3027_ph2b,4,232,232,232,232
Sop3028_ph2b,4,20,20,24,20
Sop1165_ph2b,4,190,190,190,190
Sop3029_ph2b,4,20,20,24,20
Sop3030_ph2b,4,54,54,54,54
Sop1100_ph2b,4,101,101,101,101
Sop1099_ph2b,4,63,63,63,63
Sop1098_ph2b,4,151,151,151,151
Sop1097_ph2b,4,201,201,201,201
Sop906_ph2b,4,151,151,151,151
Sop903_ph2b,4,151,151,151,151
Sop1168_ph2b,4,151,151,151,151
Sop915_ph2b,4,101,101,101,101
Sop1095_ph2b,4,63,63,63,63
Sop908_ph2b,4,283,283,283,283
Sop1102_ph2b,4,252,252,242,252
Sop910_ph2b,4,201,201,201,201
Sop3031_ph2b,4,55,55,69,55
Sop892_ph2b,4,55,55,69,55
Sop1104_ph2b,4,1,1,1,1
Sop1103_ph2b,4,4,4,4,4
Sop880_ph2b,4,5.2,5.2,5.2,5.2
Sop1072_ph2b,4,35,35,35,35
Sop1074_ph2b,4,35,35,35,35
Sop857_ph2b,4,15,15,15,15
Sop1073_ph2b,4,15,15,15,15
Sop848_ph2b,4,60,60,60,60
Sop1068_ph2b,4,60,60,60,60
Sop847_ph2b,4,25,25,25,25
Sop1067_ph2b,4,25,25,25,25
Sop1900_ph2b,4,50,50,50,50
Sop1069_ph2b,4,50,50,50,50
Sop851_ph2b,4,150,150,150,150
Sop1071_ph2b,4,150,150,150,150
Sop849_ph2b,4,100,100,100,100
Sop1070_ph2b,4,100,100,100,100
Sop1075_ph2b,4,50,50,50,50
Sop1078_ph2b,4,50,50,50,50
Sop1077_ph2b,4,150,150,150,150
Sop1080_ph2b,4,150,150,150,150
Sop1076_ph2b,4,100,100,100,100
Sop1079_ph2b,4,100,100,100,100
Sop1082_ph2b,4,3,3,3.5,3
Sop1087_ph2b,4,1.4,1.4,1.4,1.4
Sop877_ph2b,4,5.1,5.1,5.1,5.1
Sop1086_ph2b,4,9,9,9,9
Sop886_ph2b,4,2,2,10,2
Sop1089_ph2b,4,5,5,3.5,5
Sop1081_ph2b,4,0,0,8.5,0
Sop825_ph2b,4,3.3,3.3,3.14,3.3
Sop1085_ph2b,4,10,10,15,10
Sop829_ph2b,4,2.2,2.2,1.3,2.2
Sop823_ph2b,4,1.55,1.55,0.18,1.55
Sop888_ph2b,4,2,2,10,2
Sop887_ph2b,4,5,5,3.5,5
Sop1084_ph2b,4,4.5,4.5,4.5,4.5
Sop830_ph2b,4,4.5,4.5,1.2,4.5
Sop1088_ph2b,4,10,10,0,10
Sop833_ph2b,4,10,10,15,10
Sop827_ph2b,4,1.4,1.4,1.4,1.4
Sop855_ph2b,4,1.48,1.48,1.48,1.48
Sop1083_ph2b,4,8,8,10,8
Sop853_ph2b,4,0.95,0.95,0.95,0.95
Sop875_ph2b,4,0,0,3.5,0
Sop828_ph2b,4,1.74,1.74,1.82,1.74
Sop874_ph2b,4,0,0,9.3,0
Sop826_ph2b,4,2,2,2,2
Sop856_ph2b,4,1.5,1.5,1.5,1.5
Sop845_ph2b,4,15,15,15,15
Sop844_ph2b,4,50,50,50,50
Sop842_ph2b,4,150,150,150,150
Sop843_ph2b,4,100,100,100,100
Sop1090_ph2b,4,75,75,75,75
Sop889_ph2b,4,4,4,4,4
Sop3032_ph2b,4,55,55,55,55
Sop1112_ph2b,4,5,5,5,5
Sop864_ph2b,4,17,17,0,17
Sop1170_ph2b,4,1.5,1.5,4.5,1.5
Sop840_ph2b,4,1.5,1.5,1.5,1.5
Sop873_ph2b,4,3,3,7,3
Sop822_ph2b,4,1.5,1.5,4.5,1.5
Sop837_ph2b,4,1.5,1.5,1.5,1.5
Sop839_ph2b,4,5,5,5,5
Sop838_ph2b,4,5,5,5,5
Sop3033_ph2b,4,5,5,5,5
Sop3034_ph2b,4,6,6,6,6
Sop3035_ph2b,4,8,8,8,8
Sop836_ph2b,4,19,19,19,19
Sop835_ph2b,4,5,5,5,5
Sop1066_ph2b,4,2,2,2,2
Sop883_ph2b,4,3.1,3.1,9.5,3.1
Sop3036_ph2b,4,3.75,3.75,3.75,3.75
Sop3037_ph2b,4,1.25,1.25,1.25,1.25
Sop3040_ph2b,4,0,1,3,1
Sop3041_ph2b,4,2.86,2.47,6,2.47
Sop3042_ph2b,4,1.99,1.89,2.83,1.89
Sop3043_ph2b,4,1.52,1.43,2.24,1.43
Sop3044_ph2b,4,5.2,4.98,7,4.98
Sop3045_ph2b,4,8.3,8.3,8.3,8.3
Sop3046_ph2b,4,8.22,8.22,8.74,8.22
WEF410_ph2b,4,0.694,0.704,0.714,0.714
WEF411_ph2b,4,0.694,0.704,0.714,0.714
WEF412_ph2b,4,0.694,0.704,0.714,0.714
WEF393_ph2b,4,0.058,0.058,0.061,0.061
WEF394_ph2b,4,0.061,0.061,0.064,0.064
WEF395_ph2b,4,0.064,0.064,0.067,0.067
WEF405_ph2b,4,0.33,0.336,0.342,0.342
WEF406_ph2b,4,0.347,0.349,0.36,0.36
WEF407_ph2b,4,0.364,0.365,0.377,0.377
WEF413_ph2b,4,0.757,0.761,0.761,0.754
WEF409_ph2b,4,0.692,0.692,0.692,0.692
WEF408_ph2b,4,0.632,0.632,0.632,0.632
WEF414_ph2b,4,0.757,0.772,0.772,0.788
WEF415_ph2b,4,0.783,0.799,0.799,0.815
WEF416_ph2b,4,0.807,0.823,0.823,0.84
WEF398_ph2b,4,0.089,0.089,0.089,0.089
WEF397_ph2b,4,0.08,0.08,0.08,0.08
WEF396_ph2b,4,0.072,0.072,0.072,0.072
WEF399_ph2b,4,0.189,0.189,0.189,0.189
WEF400_ph2b,4,0.189,0.189,0.189,0.189
WEF401_ph2b,4,0.189,0.189,0.189,0.189
WEF402_ph2b,4,0.302,0.302,0.302,0.302
WEF403_ph2b,4,0.302,0.302,0.302,0.302
WEF404_ph2b,4,0.302,0.302,0.302,0.302
WEF417_ph2b,4,1.408,1.42,1.42,1.431
WEF418_ph2b,4,1.449,1.46,1.46,1.473
WEF419_ph2b,4,1.486,1.498,1.498,1.511
MET299_ph2b,4,0.16,0.16,0.192,0.192
MET300_ph2b,4,0.16,0.16,0.192,0.192
MET301_ph2b,4,0.16,0.16,0.192,0.192
MET314_ph2b,4,2.7,2.9,4.2,4.2
MET311_ph2b,4,2.1,2.2,3.3,3.3
MET308_ph2b,4,1.6,1.7,2.5,2.5
MET313_ph2b,4,2.9,3.1,4.6,4.6
MET310_ph2b,4,2.5,2.6,3.8,3.8
MET306_ph2b,4,2.1,2.2,3.2,3.2
MET302_ph2b,4,5.6,5.9,8.7,8.7
MET303_ph2b,4,4.3,4.6,6.7,6.7
MET298_ph2b,4,3.2,3.4,5.2,5.2
MET315_ph2b,4,5.7,5.7,8.1,8.1
MET312_ph2b,4,4.4,4.5,6.3,6.3
MET309_ph2b,4,3.3,3.3,4.8,4.8
MET307_ph2b,4,5.2,5.2,7.3,7.3
MET305_ph2b,4,4,4.1,5.7,5.7
MET304_ph2b,4,3,3,4.3,4.3
WEF1307_ph2b,4,0.093268413,0.093268413,0.093268413,0.093268413
WEF1311_ph2b,4,0.409216376,0.409216376,0.409216376,0.409216376
WEF1309_ph2b,4,0.168234187,0.168234187,0.168234187,0.168234187
WEF1310_ph2b,4,0.2137577,0.2137577,0.2137577,0.2137577
WEF1312_ph2b,4,0.120921968,0.120921968,0.120921968,0.120921968
WEF1313_ph2b,4,0.42111499,0.42111499,0.42111499,0.42111499
WEF1314_ph2b,4,0.232497707,0.232497707,0.232497707,0.232497707
WEF1315_ph2b,4,0.295410678,0.295410678,0.295410678,0.295410678
WEF1316_ph2b,4,0.200038827,0.200038827,0.200038827,0.200038827
WEF1317_ph2b,4,0.42111499,0.42111499,0.42111499,0.42111499
WEF1318_ph2b,4,0.034304392,0.034304392,0.034304392,0.034304392
WEF1319_ph2b,4,0.346334557,0.346334557,0.346334557,0.346334557
WEF1320_ph2b,4,0.440051335,0.440051335,0.440051335,0.440051335
WEF1321_ph2b,4,0.249654066,0.249654066,0.249654066,0.249654066
WEF1322_ph2b,4,0.42111499,0.42111499,0.42111499,0.42111499
WEF1323_ph2b,4,0.112962187,0.112962187,0.112962187,0.112962187
WEF1324_ph2b,4,0.467346813,0.467346813,0.467346813,0.467346813
WEF1325_ph2b,4,0.593809035,0.593809035,0.593809035,0.593809035
WEF1326_ph2b,4,0.083809713,0.083809713,0.083809713,0.083809713
WEF1327_ph2b,4,0.42111499,0.42111499,0.42111499,0.42111499
WEF1328_ph2b,4,0.066133544,0.066133544,0.066133544,0.066133544
WEF1329_ph2b,4,0.179991187,0.179991187,0.179991187,0.179991187
WEF1330_ph2b,4,0.228696099,0.228696099,0.228696099,0.228696099
WEF1331_ph2b,4,0.141358246,0.141358246,0.141358246,0.141358246
WEF1332_ph2b,4,0.42111499,0.42111499,0.42111499,0.42111499
WEF1333_ph2b,4,0.28272555,0.28272555,0.28272555,0.28272555
WEF1334_ph2b,4,0.359229979,0.359229979,0.359229979,0.359229979
WEF1335_ph2b,4,0.049599839,0.049599839,0.049599839,0.049599839
WEF1336_ph2b,4,0.28272555,0.28272555,0.28272555,0.28272555
WEF1337_ph2b,4,0.209691992,0.209691992,0.209691992,0.209691992
LEA1166_ph2b,4,0.12,0.12,0.12,0.12
LEA1167_ph2b,4,0.2,0.2,0.2,0.2
LEA1168_ph2b,4,0.8,0.8,0.8,0.8
LEA1169_ph2b,4,2,2,2,2
LEA1170_ph2b,4,1.811698942,1.811698942,1.811698942,1.811698942
LEA1181_ph2b,4,1.083102012,1.083102012,1.083102012,1.083102012
LEA1182_ph2b,4,1.02,1.02,1.02,1.02
LEA1183_ph2b,4,0.2,0.2,0.2,0.2
LEA1184_ph2b,4,0.8,0.8,0.8,0.8
LEA1185_ph2b,4,2,2,2,2
LEA1016_ph2b,4,2.329342248,2.329342248,2.329342248,2.329342248
LEA1017_ph2b,4,1.606566413,1.606566413,1.606566413,1.606566413
LEA1018_ph2b,4,0.2,0.2,0.2,0.2
LEA1019_ph2b,4,0.2,0.2,0.2,0.2
LEA1020_ph2b,4,0.8,0.8,0.8,0.8
LEA1021_ph2b,4,2,2,2,2
LEA1022_ph2b,4,3.841035936,3.841035936,3.841035936,3.841035936
LEA1024_ph2b,4,0.98,0.98,0.98,0.98
LEA1025_ph2b,4,0.8,0.8,0.8,0.8
LEA1026_ph2b,4,2,2,2,2
LEA1027_ph2b,4,4.770323876,4.770323876,4.770323876,4.770323876
LEA1028_ph2b,4,0.404810936,0.404810936,0.404810936,0.404810936
LEA1029_ph2b,4,0.12,0.12,0.12,0.12
LEA1404_ph2b,4,0.2,0.2,0.2,0.2
LEA1030_ph2b,4,0.8,0.8,0.8,0.8
LEA1031_ph2b,4,2,2,2,2
LEA1032_ph2b,4,1.612850751,1.612850751,1.612850751,1.612850751
LEA1034_ph2b,4,0.1,0.1,0.1,0.1
LEA1035_ph2b,4,0.2,0.2,0.2,0.2
LEA1036_ph2b,4,0.8,0.8,0.8,0.8
LEA1037_ph2b,4,2,2,2,2
LEA1038_ph2b,4,2.732240752,2.732240752,2.732240752,2.732240752
MET1208_ph2b,4,3.615473317,3.615473317,3.615473317,3.615473317
MET1145_ph2b,4,3.615473317,3.615473317,3.615473317,3.615473317
MET1209_ph2b,4,4.911915948,4.911915948,4.911915948,4.911915948
MET1210_ph2b,4,5.204680591,5.204680591,5.204680591,5.204680591
MET1146_ph2b,4,4.825988057,4.825988057,4.825988057,4.825988057
MET1211_ph2b,4,4.825988057,4.825988057,4.825988057,4.825988057
MET1212_ph2b,4,6.214590813,6.214590813,6.214590813,6.214590813
MET1213_ph2b,4,6.574389906,6.574389906,6.574389906,6.574389906
MET1214_ph2b,4,7.121314258,7.121314258,7.121314258,7.121314258
MET1215_ph2b,4,7.121314258,7.121314258,7.121314258,7.121314258
MET1216_ph2b,4,8.684667098,8.684667098,8.684667098,8.684667098
MET1217_ph2b,4,9.356285634,9.356285634,9.356285634,9.356285634
MET1218_ph2b,4,10.51001608,10.51001608,10.51001608,10.51001608
MET1147_ph2b,4,10.51001608,10.51001608,10.51001608,10.51001608
MET1219_ph2b,4,12.33136097,12.33136097,12.33136097,12.33136097
MET1220_ph2b,4,13.00953415,13.00953415,13.00953415,13.00953415
MET1221_ph2b,4,2.860632909,2.860632909,2.860632909,2.860632909
MET1222_ph2b,4,2.860632909,2.860632909,2.860632909,2.860632909
MET1223_ph2b,4,4.09960727,4.09960727,4.09960727,4.09960727
MET1224_ph2b,4,4.393752288,4.393752288,4.393752288,4.393752288
MET1225_ph2b,4,5.151142505,5.151142505,5.151142505,5.151142505
MET1226_ph2b,4,5.151142505,5.151142505,5.151142505,5.151142505
MET1227_ph2b,4,6.564500247,6.564500247,6.564500247,6.564500247
MET1228_ph2b,4,7.034234299,7.034234299,7.034234299,7.034234299
LEA1040_ph2b,4,0.04,0.04,0.04,0.04
LEA1042_ph2b,4,0.2,0.2,0.2,0.2
LEA1044_ph2b,4,0.8,0.8,0.8,0.8
LEA1046_ph2b,4,2,2,2,2
LEA1048_ph2b,4,0.966508695,0.966508695,0.966508695,0.966508695
LEA1050_ph2b,4,0.218164909,0.218164909,0.218164909,0.218164909
LEA3000_ph2b,4,2,2,2,2
LEA3001_ph2b,4,2,2,2,2
LEA3002_ph2b,4,2,2,2,2
LEA3003_ph2b,4,2,2,2,2
LEA3004_ph2b,4,2,2,2,2
LEA3005_ph2b,4,2,2,2,2
LEA3006_ph2b,4,1,1,1,1
WEF1300_ph2b,4,0.173,0.173,0.173,0.173
WEF1415_ph2b,4,0.097,0.097,0.097,0.097
WEF1303_ph2b,4,0.109,0.109,0.109,0.109
WEF1416_ph2b,4,0.054,0.054,0.054,0.054
WEF1304_ph2b,4,0.434,0.434,0.434,0.434
WEF1417_ph2b,4,0.214,0.214,0.214,0.214
WEF1305_ph2b,4,0.608,0.608,0.608,0.608
WEF1418_ph2b,4,0.518,0.518,0.518,0.518
WEF1306_ph2b,4,1.413,1.413,1.413,1.413
WEF1419_ph2b,4,1.203,1.203,1.203,1.203
WEF1296_ph2b,4,0.475,0.475,0.475,0.475
WEF1420_ph2b,4,0.405,0.405,0.405,0.405
WEF1302_ph2b,4,0.119,0.119,0.119,0.119
WEF1421_ph2b,4,0.101,0.101,0.101,0.101
WEF1301_ph2b,4,0.171,0.171,0.171,0.171
WEF1422_ph2b,4,0.084,0.084,0.084,0.084
WEF1299_ph2b,4,0.106,0.106,0.106,0.106
WEF1423_ph2b,4,0.092,0.092,0.092,0.092
WEF1298_ph2b,4,0.116,0.116,0.116,0.116
WEF1424_ph2b,4,0.099,0.099,0.099,0.099
WEF1297_ph2b,4,0.004,0.004,0.004,0.004
WEF1425_ph2b,4,0.004,0.004,0.004,0.004
LEA1000_ph2b,4,0.5,0.5,0.5,0.5
LEA1002_ph2b,4,0.5,0.5,0.5,0.5
LEA1001_ph2b,4,0.5,0.5,0.5,0.5
LEA1003_ph2b,4,0.5,0.5,0.5,0.5
LEA1004_ph2b,4,0.5,0.5,0.5,0.5
LEA1005_ph2b,4,0.5,0.5,0.5,0.5
LEA1006_ph2b,4,0.5,0.5,0.5,0.5
LEA1007_ph2b,4,0.5,0.5,0.5,0.5
LEA1008_ph2b,4,0.5,0.5,0.5,0.5
LEA1009_ph2b,4,0.5,0.5,0.5,0.5
LEA1010_ph2b,4,0.5,0.5,0.5,0.5
LEA1011_ph2b,4,0.5,0.5,0.5,0.5
MET1148_ph2b,4,2.768,2.768,3.896,2.768
MET1152_ph2b,4,2.763,2.763,3.889,2.763
MET1149_ph2b,4,1.69,1.69,2.379,1.69
MET1150_ph2b,4,2.758,2.758,3.882,2.758
MET1151_ph2b,4,2.751,2.751,3.872,2.751
MET1153_ph2b,4,2.757,2.757,3.881,2.757
MET1230_ph2b,4,2.518,2.518,3.216,2.518
MET1231_ph2b,4,2.509,2.509,3.205,2.509
MET1232_ph2b,4,1.586,1.586,2.027,1.586
MET1233_ph2b,4,2.5,2.5,3.194,2.5
MET1234_ph2b,4,2.491,2.491,3.183,2.491
MET1235_ph2b,4,2.5,2.5,3.194,2.5
MET_3000ph2b,4,1.076,1.076,1.514,1.076
MET_3001ph2b,4,0.927,0.927,1.184,0.927
WEF434_ph2b,4,0.006,0.006,0.006,0.006
WEF1338_ph2b,4,0.002,0.002,0.002,0.002
WEF440_ph2b,4,0.002,0.002,0.002,0.002
WEF1339_ph2b,4,0.002,0.002,0.002,0.002
WEF1340_ph2b,4,0.002,0.002,0.002,0.002
WEF1342_ph2b,4,0.004,0.004,0.004,0.004
WEF1343_ph2b,4,0.004,0.004,0.004,0.004
WEF1344_ph2b,4,0.002,0.002,0.002,0.002
WEF1345_ph2b,4,0.004,0.004,0.004,0.004
WEF443_ph2b,4,0.012,0.012,0.012,0.012
WEF1346_ph2b,4,0.003,0.003,0.003,0.003
WEF449_ph2b,4,0.005,0.005,0.005,0.005
WEF1347_ph2b,4,0.002,0.002,0.002,0.002
WEF1348_ph2b,4,0.003,0.003,0.003,0.003
WEF1350_ph2b,4,0.008,0.008,0.008,0.008
WEF1351_ph2b,4,0.007,0.007,0.007,0.007
WEF1352_ph2b,4,0.003,0.003,0.003,0.003
WEF1353_ph2b,4,0.007,0.007,0.007,0.007
WEF452_ph2b,4,0.011,0.011,0.011,0.011
WEF1354_ph2b,4,0.002,0.002,0.002,0.002
WEF457_ph2b,4,0.004,0.004,0.004,0.004
WEF1355_ph2b,4,0.002,0.002,0.002,0.002
WEF1356_ph2b,4,0.003,0.003,0.003,0.003
WEF1358_ph2b,4,0.007,0.007,0.007,0.007
WEF1359_ph2b,4,0.005,0.005,0.005,0.005
WEF1360_ph2b,4,0.002,0.002,0.002,0.002
WEF1361_ph2b,4,0.006,0.006,0.006,0.006
WEF461_ph2b,4,0.023,0.023,0.023,0.023
WEF1362_ph2b,4,0.006,0.006,0.006,0.006
WEF466_ph2b,4,0.01,0.01,0.01,0.01
WEF1363_ph2b,4,0.008,0.008,0.008,0.008
WEF1364_ph2b,4,0.008,0.008,0.008,0.008
WEF1366_ph2b,4,0.017,0.017,0.017,0.017
WEF1367_ph2b,4,0.014,0.014,0.014,0.014
WEF1368_ph2b,4,0.005,0.005,0.005,0.005
WEF1369_ph2b,4,0.013,0.013,0.013,0.013
WEF470_ph2b,4,0.005,0.005,0.005,0.005
WEF1370_ph2b,4,0.001,0.001,0.001,0.001
WEF476_ph2b,4,0.002,0.002,0.002,0.002
WEF1371_ph2b,4,0.002,0.002,0.002,0.002
WEF1372_ph2b,4,0.001,0.001,0.001,0.001
WEF1374_ph2b,4,0.003,0.003,0.003,0.003
WEF1375_ph2b,4,0.004,0.004,0.004,0.004
WEF1376_ph2b,4,0.002,0.002,0.002,0.002
WEF1377_ph2b,4,0.003,0.003,0.003,0.003
WEF479_ph2b,4,0.009,0.009,0.009,0.009
WEF1378_ph2b,4,0.002,0.002,0.002,0.002
WEF484_ph2b,4,0.004,0.004,0.004,0.004
WEF1379_ph2b,4,0.002,0.002,0.002,0.002
WEF1380_ph2b,4,0.003,0.003,0.003,0.003
WEF1382_ph2b,4,0.007,0.007,0.007,0.007
WEF1383_ph2b,4,0.006,0.006,0.006,0.006
WEF1384_ph2b,4,0.002,0.002,0.002,0.002
WEF1385_ph2b,4,0.005,0.005,0.005,0.005
WEF488_ph2b,4,0.003,0.003,0.003,0.003
WEF1386_ph2b,4,0.001,0.001,0.001,0.001
WEF493_ph2b,4,0.001,0.001,0.001,0.001
WEF1387_ph2b,4,0.002,0.002,0.002,0.002
WEF1388_ph2b,4,0.001,0.001,0.001,0.001
WEF1390_ph2b,4,0.002,0.002,0.002,0.002
WEF1391_ph2b,4,0.003,0.003,0.003,0.003
WEF1392_ph2b,4,0.001,0.001,0.001,0.001
WEF1393_ph2b,4,0.002,0.002,0.002,0.002
WEF497_ph2b,4,0.012,0.012,0.012,0.012
WEF1394_ph2b,4,0.003,0.003,0.003,0.003
WEF503_ph2b,4,0.005,0.005,0.005,0.005
WEF1395_ph2b,4,0.002,0.002,0.002,0.002
WEF1396_ph2b,4,0.004,0.004,0.004,0.004
WEF1398_ph2b,4,0.008,0.008,0.008,0.008
WEF1399_ph2b,4,0.008,0.008,0.008,0.008
WEF1400_ph2b,4,0.004,0.004,0.004,0.004
WEF1401_ph2b,4,0.007,0.007,0.007,0.007
LEA1071_ph2b,4,0.079,0.079,0.079,0.079
LEA1072_ph2b,4,0.04,0.04,0.04,0.04
LEA1073_ph2b,4,0.02,0.02,0.02,0.02
LEA1074_ph2b,4,0.02,0.02,0.02,0.02
LEA1075_ph2b,4,0.02,0.02,0.02,0.02
LEA1076_ph2b,4,0.06,0.06,0.06,0.06
LEA1077_ph2b,4,0.181,0.181,0.181,0.181
LEA1078_ph2b,4,0.09,0.09,0.09,0.09
LEA1079_ph2b,4,0.045,0.045,0.045,0.045
LEA1080_ph2b,4,0.045,0.045,0.045,0.045
LEA1081_ph2b,4,0.045,0.045,0.045,0.045
LEA1082_ph2b,4,0.136,0.136,0.136,0.136
LEA1083_ph2b,4,0.131,0.131,0.131,0.131
LEA1084_ph2b,4,0.066,0.066,0.066,0.066
LEA1085_ph2b,4,0.033,0.033,0.033,0.033
LEA1086_ph2b,4,0.033,0.033,0.033,0.033
LEA1087_ph2b,4,0.033,0.033,0.033,0.033
LEA1088_ph2b,4,0.098,0.098,0.098,0.098
LEA1089_ph2b,4,0.715,0.715,0.715,0.715
LEA1090_ph2b,4,0.357,0.357,0.357,0.357
LEA1091_ph2b,4,0.179,0.179,0.179,0.179
LEA1092_ph2b,4,0.179,0.179,0.179,0.179
LEA1093_ph2b,4,0.179,0.179,0.179,0.179
LEA1094_ph2b,4,0.536,0.536,0.536,0.536
LEA1095_ph2b,4,0.17,0.17,0.17,0.17
LEA1096_ph2b,4,0.085,0.085,0.085,0.085
LEA1097_ph2b,4,0.042,0.042,0.042,0.042
LEA1098_ph2b,4,0.042,0.042,0.042,0.042
LEA1099_ph2b,4,0.042,0.042,0.042,0.042
LEA1100_ph2b,4,0.127,0.127,0.127,0.127
LEA1101_ph2b,4,0.324,0.324,0.324,0.324
LEA1102_ph2b,4,0.162,0.162,0.162,0.162
LEA1103_ph2b,4,0.081,0.081,0.081,0.081
LEA1104_ph2b,4,0.081,0.081,0.081,0.081
LEA1105_ph2b,4,0.081,0.081,0.081,0.081
LEA1106_ph2b,4,0.243,0.243,0.243,0.243
LEA1107_ph2b,4,0.068,0.068,0.068,0.068
LEA1108_ph2b,4,0.034,0.034,0.034,0.034
LEA1109_ph2b,4,0.017,0.017,0.017,0.017
LEA1110_ph2b,4,0.017,0.017,0.017,0.017
LEA1111_ph2b,4,0.017,0.017,0.017,0.017
LEA1112_ph2b,4,0.051,0.051,0.051,0.051
LEA1113_ph2b,4,0.331,0.331,0.331,0.331
LEA1114_ph2b,4,0.166,0.166,0.166,0.166
LEA1115_ph2b,4,0.083,0.083,0.083,0.083
LEA1116_ph2b,4,0.083,0.083,0.083,0.083
LEA1117_ph2b,4,0.083,0.083,0.083,0.083
LEA1118_ph2b,4,0.248,0.248,0.248,0.248
LEA1145_ph2b,4,0.1,0.1,0.1,0.1
LEA1146_ph2b,4,0.1,0.1,0.1,0.1
LEA1147_ph2b,4,0.1,0.1,0.1,0.1
LEA1148_ph2b,4,0.1,0.1,0.1,0.1
LEA1149_ph2b,4,0.1,0.1,0.1,0.1
LEA1150_ph2b,4,0.1,0.1,0.1,0.1
LEA053_ph2b,4,0.1,0.1,0.1,0.1
LEA049_ph2b,4,0.1,0.1,0.1,0.1
LEA050_ph2b,4,0.1,0.1,0.1,0.1
LEA051_ph2b,4,0.1,0.1,0.1,0.1
LEA052_ph2b,4,0.1,0.1,0.1,0.1
WEF1414_ph2b,4,0.181852425,0.181852425,0.181852425,0.181852425
WEF1413_ph2b,4,0.278582439,0.278582439,0.278582439,0.278582439
WEF1412_ph2b,4,0.464304065,0.464304065,0.464304065,0.464304065
WEF1411_ph2b,4,0.100115564,0.100115564,0.100115564,0.100115564
LEA054_ph2b,4,0.25,0.25,0.25,0.25
LEA055_ph2b,4,0.25,0.25,0.25,0.25
LEA056_ph2b,4,0.25,0.25,0.25,0.25
LEA057_ph2b,4,0.25,0.25,0.25,0.25
LEA058_ph2b,4,0.25,0.25,0.25,0.25
LEA059_ph2b,4,0.25,0.25,0.25,0.25
LEA1151_ph2b,4,0.25,0.25,0.25,0.25
WEF1410_ph2b,4,0.11885777,0.11885777,0.11885777,0.11885777
LEA109_ph2b,4,0.1,0.1,0.1,0.1
LEA110_ph2b,4,0.1,0.1,0.1,0.1
LEA111_ph2b,4,0.1,0.1,0.1,0.1
LEA112_ph2b,4,0.1,0.1,0.1,0.1
LEA113_ph2b,4,0.1,0.1,0.1,0.1
WEF1409_ph2b,4,0.135420352,0.135420352,0.135420352,0.135420352
WEF1408_ph2b,4,0.207452454,0.207452454,0.207452454,0.207452454
WEF1407_ph2b,4,0.34575409,0.34575409,0.34575409,0.34575409
LEA138_ph2b,4,0.25,0.25,0.25,0.25
LEA139_ph2b,4,0.25,0.25,0.25,0.25
LEA140_ph2b,4,0.25,0.25,0.25,0.25
LEA141_ph2b,4,0.25,0.25,0.25,0.25
LEA142_ph2b,4,0.25,0.25,0.25,0.25
WEF1406_ph2b,4,0.15640134,0.15640134,0.15640134,0.15640134
LEA190_ph2b,4,0.75,0.75,0.75,0.75
LEA191_ph2b,4,0.75,0.75,0.75,0.75
LEA192_ph2b,4,0.75,0.75,0.75,0.75
LEA193_ph2b,4,0.75,0.75,0.75,0.75
LEA194_ph2b,4,0.75,0.75,0.75,0.75
WEF573_ph2b,4,0.10808883,0.10808883,0.10808883,0.10808883
WEF568_ph2b,4,0.165582888,0.165582888,0.165582888,0.165582888
WEF570_ph2b,4,0.27597148,0.27597148,0.27597148,0.27597148
LEA1152_ph2b,4,0.25,0.25,0.25,0.25
LEA1153_ph2b,4,0.25,0.25,0.25,0.25
LEA1154_ph2b,4,0.25,0.25,0.25,0.25
LEA1155_ph2b,4,0.25,0.25,0.25,0.25
LEA1156_ph2b,4,0.25,0.25,0.25,0.25
LEA1157_ph2b,4,0.25,0.25,0.25,0.25
LEA1158_ph2b,4,0.1,0.1,0.1,0.1
LEA1159_ph2b,4,0.1,0.1,0.1,0.1
LEA1160_ph2b,4,0.1,0.1,0.1,0.1
LEA1161_ph2b,4,0.1,0.1,0.1,0.1
LEA1162_ph2b,4,0.1,0.1,0.1,0.1
WEF589_ph2b,4,0.113634187,0.113634187,0.113634187,0.113634187
WEF590_ph2b,4,0.189390312,0.189390312,0.189390312,0.189390312
LEA1163_ph2b,4,0.25,0.25,0.25,0.25
LEA1164_ph2b,4,0.25,0.25,0.25,0.25
LEA1165_ph2b,4,0.25,0.25,0.25,0.25
LEA1186_ph2b,4,0.25,0.25,0.25,0.25
WEF1405_ph2b,4,0.147189566,0.147189566,0.147189566,0.147189566
LEA278_ph2b,4,0.25,0.25,0.25,0.25
LEA279_ph2b,4,0.25,0.25,0.25,0.25
LEA280_ph2b,4,0.25,0.25,0.25,0.25
LEA281_ph2b,4,0.25,0.25,0.25,0.25
LEA282_ph2b,4,0.25,0.25,0.25,0.25
LEA3010_ph2b,4,209.4420907,211.2138751,209.4420907,211.2138751
LEA3011_ph2b,4,234.05155,211.2173577,234.05155,211.2173577
LEA3012_ph2b,4,228.191335,205.3717709,228.191335,205.3717709
LEA3013_ph2b,4,221.6588163,198.858214,221.6588163,198.858214
LEA3014_ph2b,4,210.88055,188.0463577,210.88055,188.0463577
LEA3015_ph2b,4,204.7155017,181.8959376,204.7155017,181.8959376
LEA3016_ph2b,4,197.4530699,174.6524676,197.4530699,174.6524676
LEA3017_ph2b,4,187.70955,164.8753577,187.70955,164.8753577
LEA3018_ph2b,4,179.5500508,156.7304867,179.5500508,156.7304867
LEA3019_ph2b,4,172.0293209,149.2287187,172.0293209,149.2287187
LEA3020_ph2b,4,152.1042834,129.3230097,152.1042834,129.3230097
LEA3021_ph2b,4,210.88055,188.0463577,210.88055,188.0463577
LEA3022_ph2b,4,204.7155017,181.8959376,204.7155017,181.8959376
LEA3023_ph2b,4,196.97243,174.1718277,196.97243,174.1718277
LEA3024_ph2b,4,187.70955,164.8753577,187.70955,164.8753577
LEA3025_ph2b,4,181.2396683,158.4201043,181.2396683,158.4201043
LEA3026_ph2b,4,171.4952872,148.6946849,171.4952872,148.6946849
LEA3027_ph2b,4,160.6702963,137.8361041,160.6702963,137.8361041
LEA3028_ph2b,4,157.763835,134.9442709,157.763835,134.9442709
LEA3029_ph2b,4,147.7110632,124.9104609,147.7110632,124.9104609
LEA3030_ph2b,4,127.1504726,104.3691989,127.1504726,104.3691989
LEA3031_ph2b,4,187.70955,164.8753577,187.70955,164.8753577
LEA3032_ph2b,4,181.2396683,158.4201043,181.2396683,158.4201043
LEA3033_ph2b,4,173.6748702,150.874268,173.6748702,150.874268
LEA3034_ph2b,4,164.53855,141.7043577,164.53855,141.7043577
LEA3035_ph2b,4,157.763835,134.9442709,157.763835,134.9442709
LEA3036_ph2b,4,149.2616996,126.4610974,149.2616996,126.4610974
LEA3037_ph2b,4,141.36755,118.5333577,141.36755,118.5333577
LEA3038_ph2b,4,131.6569339,108.8373699,131.6569339,108.8373699
LEA3039_ph2b,4,124.9744711,102.1738688,124.9744711,102.1738688
LEA3040_ph2b,4,103.3270475,80.54577388,103.3270475,80.54577388
LEA3041_ph2b,4,164.53855,141.7043577,164.53855,141.7043577
LEA3042_ph2b,4,157.763835,134.9442709,157.763835,134.9442709
LEA3043_ph2b,4,150.0881913,127.287589,150.0881913,127.287589
LEA3044_ph2b,4,141.36755,118.5333577,141.36755,118.5333577
LEA3045_ph2b,4,134.2880017,111.4684376,134.2880017,111.4684376
LEA3046_ph2b,4,126.2313163,103.430714,126.2313163,103.430714
LEA3047_ph2b,4,118.19655,95.36235772,118.19655,95.36235772
LEA3048_ph2b,4,110.8121683,87.99260428,110.8121683,87.99260428
LEA3049_ph2b,4,102.3744413,79.57383897,102.3744413,79.57383897
LEA3050_ph2b,4,79.00438213,56.17018985,79.00438213,56.17018985
LEA3051_ph2b,4,210.88055,188.0463577,210.88055,188.0463577
LEA3052_ph2b,4,204.7155017,181.8959376,204.7155017,181.8959376
LEA3053_ph2b,4,197.8019413,175.001339,197.8019413,175.001339
LEA3054_ph2b,4,188.3249638,165.4907716,188.3249638,165.4907716
LEA3055_ph2b,4,181.6985974,158.8790333,181.6985974,158.8790333
LEA3056_ph2b,4,173.9450663,151.144464,173.9450663,151.144464
LEA3057_ph2b,4,164.53855,141.7043577,164.53855,141.7043577
LEA3058_ph2b,4,157.763835,134.9442709,157.763835,134.9442709
LEA3059_ph2b,4,149.7902956,126.9896933,149.7902956,126.9896933
LEA3060_ph2b,4,128.617531,105.8362574,128.617531,105.8362574
LEA3061_ph2b,4,187.70955,164.8753577,187.70955,164.8753577
LEA3062_ph2b,4,181.2396683,158.4201043,181.2396683,158.4201043
LEA3063_ph2b,4,173.9450663,151.144464,173.9450663,151.144464
LEA3064_ph2b,4,164.53855,141.7043577,164.53855,141.7043577
LEA3065_ph2b,4,157.763835,134.9442709,157.763835,134.9442709
LEA3066_ph2b,4,151.5140226,128.7134203,151.5140226,128.7134203
LEA3067_ph2b,4,139.7903623,116.95617,139.7903623,116.95617
LEA3068_ph2b,4,133.6941792,110.8746151,133.6941792,110.8746151
LEA3069_ph2b,4,126.2313163,103.430714,126.2313163,103.430714
LEA3070_ph2b,4,103.3270475,80.54577388,103.3270475,80.54577388
LEA3071_ph2b,4,164.53855,141.7043577,164.53855,141.7043577
LEA3072_ph2b,4,157.763835,134.9442709,157.763835,134.9442709
LEA3073_ph2b,4,154.5276381,131.7270358,154.5276381,131.7270358
LEA3074_ph2b,4,141.36755,118.5333577,141.36755,118.5333577
LEA3075_ph2b,4,134.2880017,111.4684376,134.2880017,111.4684376
LEA3076_ph2b,4,131.2719103,108.437718,131.2719103,108.437718
LEA3077_ph2b,4,118.19655,95.36235772,118.19655,95.36235772
LEA3078_ph2b,4,110.8121683,87.99260428,110.8121683,87.99260428
LEA3079_ph2b,4,102.3744413,79.57383897,102.3744413,79.57383897
LEA3080_ph2b,4,79.08913083,56.30785721,79.08913083,56.30785721
LEA3081_ph2b,4,141.36755,118.5333577,141.36755,118.5333577
LEA3082_ph2b,4,134.2880017,111.4684376,134.2880017,111.4684376
LEA3083_ph2b,4,126.2313163,103.430714,126.2313163,103.430714
LEA3084_ph2b,4,118.19655,95.36235772,118.19655,95.36235772
LEA3085_ph2b,4,110.8121683,87.99260428,110.8121683,87.99260428
LEA3086_ph2b,4,102.3744413,79.57383897,102.3744413,79.57383897
LEA3087_ph2b,4,95.02555,72.19135772,95.02555,72.19135772
LEA3088_ph2b,4,87.336335,64.51677095,87.336335,64.51677095
LEA3089_ph2b,4,78.51756625,55.71696397,78.51756625,55.71696397
LEA3090_ph2b,4,55.69693241,32.86274013,55.69693241,32.86274013
LEA3091_ph2b,4,187.70955,164.8753577,187.70955,164.8753577
LEA3092_ph2b,4,181.2396683,158.4201043,181.2396683,158.4201043
LEA3093_ph2b,4,173.9450663,151.144464,173.9450663,151.144464
LEA3094_ph2b,4,164.539527,141.7053348,164.539527,141.7053348
LEA3095_ph2b,4,157.763835,134.9442709,157.763835,134.9442709
LEA3096_ph2b,4,150.0881913,127.287589,150.0881913,127.287589
LEA3097_ph2b,4,141.36755,118.5333577,141.36755,118.5333577
LEA3098_ph2b,4,134.2880017,111.4684376,134.2880017,111.4684376
LEA3099_ph2b,4,126.2313163,103.430714,126.2313163,103.430714
LEA3100_ph2b,4,103.3270475,80.54577388,103.3270475,80.54577388
LEA3101_ph2b,4,164.53855,141.7043577,164.53855,141.7043577
LEA3102_ph2b,4,157.763835,134.9442709,157.763835,134.9442709
LEA3103_ph2b,4,150.0881913,127.287589,150.0881913,127.287589
LEA3104_ph2b,4,141.36755,118.5333577,141.36755,118.5333577
LEA3105_ph2b,4,134.2880017,111.4684376,134.2880017,111.4684376
LEA3106_ph2b,4,126.2313163,103.430714,126.2313163,103.430714
LEA3107_ph2b,4,118.19655,95.36235772,118.19655,95.36235772
LEA3108_ph2b,4,110.8121683,87.99260428,110.8121683,87.99260428
LEA3109_ph2b,4,102.3744413,79.57383897,102.3744413,79.57383897
LEA3110_ph2b,4,79.08913083,56.30785721,79.08913083,56.30785721
LEA3111_ph2b,4,141.36755,118.5333577,141.36755,118.5333577
LEA3112_ph2b,4,134.2880017,111.4684376,134.2880017,111.4684376
LEA3113_ph2b,4,126.2313163,103.430714,126.2313163,103.430714
LEA3114_ph2b,4,118.19655,95.36235772,118.19655,95.36235772
LEA3115_ph2b,4,110.8121683,87.99260428,110.8121683,87.99260428
LEA3116_ph2b,4,102.3744413,79.57383897,102.3744413,79.57383897
LEA3117_ph2b,4,100.1551583,77.32096599,100.1551583,77.32096599
LEA3118_ph2b,4,87.336335,64.51677095,87.336335,64.51677095
LEA3119_ph2b,4,78.51756625,55.71696397,78.51756625,55.71696397
LEA3120_ph2b,4,54.85121417,32.06994054,54.85121417,32.06994054
LEA3121_ph2b,4,118.19655,95.36235772,118.19655,95.36235772
LEA3122_ph2b,4,110.8121683,87.99260428,110.8121683,87.99260428
LEA3123_ph2b,4,102.3744413,79.57383897,102.3744413,79.57383897
LEA3124_ph2b,4,95.02555,72.19135772,95.02555,72.19135772
LEA3125_ph2b,4,87.336335,64.51677095,87.336335,64.51677095
LEA3126_ph2b,4,78.51756625,55.71696397,78.51756625,55.71696397
LEA3127_ph2b,4,71.85455,49.02035772,71.85455,49.02035772
LEA3128_ph2b,4,63.86050167,41.04093761,63.86050167,41.04093761
LEA3129_ph2b,4,54.66069125,31.86008897,54.66069125,31.86008897
LEA3130_ph2b,4,32.00790748,9.173715202,32.00790748,9.173715202
LEA3131_ph2b,4,284.6445361,261.8103438,284.6445361,261.8103438
LEA3132_ph2b,4,275.1430017,252.3234376,275.1430017,252.3234376
LEA3133_ph2b,4,269.3725663,246.571964,269.3725663,246.571964
LEA3134_ph2b,4,257.22255,234.3883577,257.22255,234.3883577
LEA3135_ph2b,4,251.6671683,228.8476043,251.6671683,228.8476043
LEA3136_ph2b,4,245.5156913,222.715089,245.5156913,222.715089
LEA3137_ph2b,4,234.05155,211.2173577,234.05155,211.2173577
LEA3138_ph2b,4,228.191335,205.3717709,228.191335,205.3717709
LEA3139_ph2b,4,221.6588163,198.858214,221.6588163,198.858214
LEA3140_ph2b,4,200.2911602,177.5098866,200.2911602,177.5098866
LEA3141_ph2b,4,257.22255,234.3883577,257.22255,234.3883577
LEA3142_ph2b,4,251.6671683,228.8476043,251.6671683,228.8476043
LEA3143_ph2b,4,245.5156913,222.715089,245.5156913,222.715089
LEA3144_ph2b,4,234.05155,211.2173577,234.05155,211.2173577
LEA3145_ph2b,4,228.191335,205.3717709,228.191335,205.3717709
LEA3146_ph2b,4,221.6588163,198.858214,221.6588163,198.858214
LEA3147_ph2b,4,210.88055,188.0463577,210.88055,188.0463577
LEA3148_ph2b,4,204.7155017,181.8959376,204.7155017,181.8959376
LEA3149_ph2b,4,197.8019413,175.001339,197.8019413,175.001339
LEA3150_ph2b,4,176.0407975,153.2595239,176.0407975,153.2595239
LEA3151_ph2b,4,234.05155,211.2173577,234.05155,211.2173577
LEA3152_ph2b,4,228.191335,205.3717709,228.191335,205.3717709
LEA3153_ph2b,4,221.6588163,198.858214,221.6588163,198.858214
LEA3154_ph2b,4,210.88055,188.0463577,210.88055,188.0463577
LEA3155_ph2b,4,204.7155017,181.8959376,204.7155017,181.8959376
LEA3156_ph2b,4,197.8019413,175.001339,197.8019413,175.001339
LEA3157_ph2b,4,187.70955,164.8753577,187.70955,164.8753577
LEA3158_ph2b,4,181.2396683,158.4201043,181.2396683,158.4201043
LEA3159_ph2b,4,173.9450663,151.144464,173.9450663,151.144464
LEA3160_ph2b,4,151.8028808,129.0216072,151.8028808,129.0216072
LEA3161_ph2b,4,210.88055,188.0463577,210.88055,188.0463577
LEA3162_ph2b,4,204.7155017,181.8959376,204.7155017,181.8959376
LEA3163_ph2b,4,197.8019413,175.001339,197.8019413,175.001339
LEA3164_ph2b,4,187.70955,164.8753577,187.70955,164.8753577
LEA3165_ph2b,4,181.2396683,158.4201043,181.2396683,158.4201043
LEA3166_ph2b,4,173.9450663,151.144464,173.9450663,151.144464
LEA3167_ph2b,4,164.53855,141.7043577,164.53855,141.7043577
LEA3168_ph2b,4,157.763835,134.9442709,157.763835,134.9442709
LEA3169_ph2b,4,150.0881913,127.287589,150.0881913,127.287589
LEA3170_ph2b,4,126.8746378,104.1128979,126.8746378,104.1128979
LEA3171_ph2b,4,257.22255,234.3883577,257.22255,234.3883577
LEA3172_ph2b,4,251.6671683,228.8476043,251.6671683,228.8476043
LEA3173_ph2b,4,245.6602029,222.8596006,245.6602029,222.8596006
LEA3174_ph2b,4,234.05155,211.2173577,234.05155,211.2173577
LEA3175_ph2b,4,228.191335,205.3717709,228.191335,205.3717709
LEA3176_ph2b,4,221.6588163,198.858214,221.6588163,198.858214
LEA3177_ph2b,4,209.6829416,186.8487494,209.6829416,186.8487494
LEA3178_ph2b,4,204.7155017,181.8959376,204.7155017,181.8959376
LEA3179_ph2b,4,195.9520577,173.1514554,195.9520577,173.1514554
LEA3180_ph2b,4,175.4216838,152.6404102,175.4216838,152.6404102
LEA3181_ph2b,4,234.05155,211.2173577,234.05155,211.2173577
LEA3182_ph2b,4,228.191335,205.3717709,228.191335,205.3717709
LEA3183_ph2b,4,221.6588163,198.858214,221.6588163,198.858214
LEA3184_ph2b,4,210.88055,188.0463577,210.88055,188.0463577
LEA3185_ph2b,4,202.3986143,179.5790502,202.3986143,179.5790502
LEA3186_ph2b,4,195.2706144,172.4700121,195.2706144,172.4700121
LEA3187_ph2b,4,187.70955,164.8753577,187.70955,164.8753577
LEA3188_ph2b,4,181.2396683,158.4201043,181.2396683,158.4201043
LEA3189_ph2b,4,170.9159872,148.1153849,170.9159872,148.1153849
LEA3190_ph2b,4,150.7153341,127.9340605,150.7153341,127.9340605
LEA3191_ph2b,4,210.88055,188.0463577,210.88055,188.0463577
LEA3192_ph2b,4,204.7155017,181.8959376,204.7155017,181.8959376
LEA3193_ph2b,4,194.8342946,172.0336923,194.8342946,172.0336923
LEA3194_ph2b,4,187.70955,164.8753577,187.70955,164.8753577
LEA3195_ph2b,4,181.2396683,158.4201043,181.2396683,158.4201043
LEA3196_ph2b,4,170.4068309,147.6062286,170.4068309,147.6062286
LEA3197_ph2b,4,159.7114666,136.8772744,159.7114666,136.8772744
LEA3198_ph2b,4,157.763835,134.9442709,157.763835,134.9442709
LEA3199_ph2b,4,146.9300028,124.1294005,146.9300028,124.1294005
LEA3200_ph2b,4,128.4133131,105.6320395,128.4133131,105.6320395
LEA3201_ph2b,4,187.70955,164.8753577,187.70955,164.8753577
LEA3202_ph2b,4,181.2396683,158.4201043,181.2396683,158.4201043
LEA3203_ph2b,4,173.9450663,151.144464,173.9450663,151.144464
LEA3204_ph2b,4,164.53855,141.7043577,164.53855,141.7043577
LEA3205_ph2b,4,157.763835,134.9442709,157.763835,134.9442709
LEA3206_ph2b,4,150.0881913,127.287589,150.0881913,127.287589
LEA3207_ph2b,4,141.36755,118.5333577,141.36755,118.5333577
LEA3208_ph2b,4,134.2880017,111.4684376,134.2880017,111.4684376
LEA3209_ph2b,4,126.2313163,103.430714,126.2313163,103.430714
LEA3210_ph2b,4,102.0306456,79.22246254,102.0306456,79.22246254
LEA3211_ph2b,4,308.6331471,308.6331471,308.6331471,308.6331471
LEA3212_ph2b,4,300.9667934,300.9667934,300.9667934,300.3647471
LEA3213_ph2b,4,291.66791,291.66791,291.66791,291.0963471
LEA3214_ph2b,4,285.4621471,285.4621471,285.4621471,285.4621471
LEA3215_ph2b,4,277.719585,277.719585,277.719585,277.1937471
LEA3216_ph2b,4,269.6189358,269.6189358,269.6189358,269.3108935
LEA3217_ph2b,4,262.2911471,262.2911471,262.2911471,262.2911471
LEA3218_ph2b,4,253.1869531,253.1869531,253.1869531,252.877853
LEA3219_ph2b,4,244.1776747,244.1776747,244.1776747,243.8675428
LEA3220_ph2b,4,222.3644145,222.3644145,222.3644145,222.0527923
LEA3221_ph2b,4,285.4621471,285.4621471,285.4621471,285.4621471
LEA3222_ph2b,4,277.719585,277.719585,277.719585,277.1937471
LEA3223_ph2b,4,269.1409402,269.1409402,269.1409402,268.83319
LEA3224_ph2b,4,262.2911471,262.2911471,262.2911471,262.2911471
LEA3225_ph2b,4,254.4723767,254.4723767,254.4723767,254.0227471
LEA3226_ph2b,4,243.6488876,243.6488876,243.6488876,243.3393603
LEA3227_ph2b,4,235.2518935,235.2518935,235.2518935,235.2518935
LEA3228_ph2b,4,231.2251684,231.2251684,231.2251684,230.8517471
LEA3229_ph2b,4,219.8538549,219.8538549,219.8538549,219.5430184
LEA3230_ph2b,4,197.6282281,197.6282281,197.6282281,197.3168296
LEA3231_ph2b,4,262.2911471,262.2911471,262.2911471,262.2911471
LEA3232_ph2b,4,254.4723767,254.4723767,254.4723767,254.0227471
LEA3233_ph2b,4,245.8328873,245.8328873,245.8328873,245.5238521
LEA3234_ph2b,4,239.1201471,239.1201471,239.1201471,239.1201471
LEA3235_ph2b,4,231.2251684,231.2251684,231.2251684,230.8517471
LEA3236_ph2b,4,221.4101971,221.4101971,221.4101971,221.0999969
LEA3237_ph2b,4,215.9491471,215.9491471,215.9491471,215.9491471
LEA3238_ph2b,4,205.290194,205.290194,205.290194,204.9798525
LEA3239_ph2b,4,197.1198621,197.1198621,197.1198621,196.809237
LEA3240_ph2b,4,103.3270475,103.3270475,103.3270475,100.65975
LEA3241_ph2b,4,239.1201471,239.1201471,239.1201471,239.1201471
LEA3242_ph2b,4,231.2251684,231.2251684,231.2251684,230.8517471
LEA3243_ph2b,4,221.926285,221.926285,221.926285,221.5833471
LEA3244_ph2b,4,215.9491471,215.9491471,215.9491471,215.9491471
LEA3245_ph2b,4,207.97796,207.97796,207.97796,207.6807471
LEA3246_ph2b,4,198.6790767,198.6790767,198.6790767,198.4123471
LEA3247_ph2b,4,118.19655,118.19655,118.19655,118.19655
LEA3248_ph2b,4,110.8121683,110.8121683,110.8121683,109.92815
LEA3249_ph2b,4,102.3744413,102.3744413,102.3744413,100.65975
LEA3250_ph2b,4,79.00438213,79.00438213,79.00438213,79.00438213
LEA3251_ph2b,4,285.4621471,285.4621471,285.4621471,285.4621471
LEA3252_ph2b,4,277.719585,277.719585,277.719585,277.1937471
LEA3253_ph2b,4,268.4207017,268.4207017,268.4207017,267.9253471
LEA3254_ph2b,4,262.906561,262.906561,262.906561,262.906561
LEA3255_ph2b,4,255.3381257,255.3381257,255.3381257,255.029815
LEA3256_ph2b,4,245.1734934,245.1734934,245.1734934,244.7543471
LEA3257_ph2b,4,239.1201471,239.1201471,239.1201471,239.1201471
LEA3258_ph2b,4,231.2251684,231.2251684,231.2251684,230.8517471
LEA3259_ph2b,4,221.9391371,221.9391371,221.9391371,221.6288649
LEA3260_ph2b,4,199.3473533,199.3473533,199.3473533,199.036051
LEA3261_ph2b,4,262.2911471,262.2911471,262.2911471,262.2911471
LEA3262_ph2b,4,254.4723767,254.4723767,254.4723767,254.0227471
LEA3263_ph2b,4,245.1734934,245.1734934,245.1734934,244.7543471
LEA3264_ph2b,4,239.1201471,239.1201471,239.1201471,239.1201471
LEA3265_ph2b,4,231.2251684,231.2251684,231.2251684,230.8517471
LEA3266_ph2b,4,223.6643188,223.6643188,223.6643188,223.3541669
LEA3267_ph2b,4,214.3719594,214.3719594,214.3719594,214.3719594
LEA3268_ph2b,4,207.3268727,207.3268727,207.3268727,207.0163023
LEA3269_ph2b,4,198.6790767,198.6790767,198.6790767,198.4123471
LEA3270_ph2b,4,103.3270475,103.3270475,103.3270475,100.65975
LEA3271_ph2b,4,239.1201471,239.1201471,239.1201471,239.1201471
LEA3272_ph2b,4,231.2251684,231.2251684,231.2251684,230.8517471
LEA3273_ph2b,4,226.6786189,226.6786189,226.6786189,226.3684718
LEA3274_ph2b,4,215.9491471,215.9491471,215.9491471,215.9491471
LEA3275_ph2b,4,207.97796,207.97796,207.97796,207.6807471
LEA3276_ph2b,4,205.8535074,205.8535074,205.8535074,205.8535074
LEA3277_ph2b,4,118.19655,118.19655,118.19655,118.19655
LEA3278_ph2b,4,110.8121683,110.8121683,110.8121683,109.92815
LEA3279_ph2b,4,102.3744413,102.3744413,102.3744413,100.65975
LEA3280_ph2b,4,79.08913083,79.08913083,79.08913083,77.48875
LEA3281_ph2b,4,215.9491471,215.9491471,215.9491471,215.9491471
LEA3282_ph2b,4,207.97796,207.97796,207.97796,207.6807471
LEA3283_ph2b,4,198.6790767,198.6790767,198.6790767,198.4123471
LEA3284_ph2b,4,118.19655,118.19655,118.19655,118.19655
LEA3285_ph2b,4,110.8121683,110.8121683,110.8121683,109.92815
LEA3286_ph2b,4,102.3744413,102.3744413,102.3744413,100.65975
LEA3287_ph2b,4,95.02555,95.02555,95.02555,95.02555
LEA3288_ph2b,4,87.336335,87.336335,87.336335,86.75715
LEA3289_ph2b,4,78.51756625,78.51756625,78.51756625,77.48875
LEA3290_ph2b,4,55.69693241,55.69693241,55.69693241,55.69693241
LEA3291_ph2b,4,262.2911471,262.2911471,262.2911471,262.2911471
LEA3292_ph2b,4,254.4723767,254.4723767,254.4723767,254.0227471
LEA3293_ph2b,4,245.1734934,245.1734934,245.1734934,244.7543471
LEA3294_ph2b,4,239.1211242,239.1211242,239.1211242,239.1211242
LEA3295_ph2b,4,231.2251684,231.2251684,231.2251684,230.8517471
LEA3296_ph2b,4,221.926285,221.926285,221.926285,221.5833471
LEA3297_ph2b,4,215.9491471,215.9491471,215.9491471,215.9491471
LEA3298_ph2b,4,207.97796,207.97796,207.97796,207.6807471
LEA3299_ph2b,4,198.6790767,198.6790767,198.6790767,198.4123471
LEA3300_ph2b,4,103.3270475,103.3270475,103.3270475,100.65975
LEA3301_ph2b,4,239.1201471,239.1201471,239.1201471,239.1201471
LEA3302_ph2b,4,231.2251684,231.2251684,231.2251684,230.8517471
LEA3303_ph2b,4,221.926285,221.926285,221.926285,221.5833471
LEA3304_ph2b,4,215.9491471,215.9491471,215.9491471,215.9491471
LEA3305_ph2b,4,207.97796,207.97796,207.97796,207.6807471
LEA3306_ph2b,4,198.6790767,198.6790767,198.6790767,198.4123471
LEA3307_ph2b,4,118.19655,118.19655,118.19655,118.19655
LEA3308_ph2b,4,110.8121683,110.8121683,110.8121683,109.92815
LEA3309_ph2b,4,102.3744413,102.3744413,102.3744413,100.65975
LEA3310_ph2b,4,79.08913083,79.08913083,79.08913083,77.48875
LEA3311_ph2b,4,215.9491471,215.9491471,215.9491471,215.9491471
LEA3312_ph2b,4,207.97796,207.97796,207.97796,207.6807471
LEA3313_ph2b,4,198.6790767,198.6790767,198.6790767,198.4123471
LEA3314_ph2b,4,118.19655,118.19655,118.19655,118.19655
LEA3315_ph2b,4,110.8121683,110.8121683,110.8121683,109.92815
LEA3316_ph2b,4,102.3744413,102.3744413,102.3744413,100.65975
LEA3317_ph2b,4,100.1551583,100.1551583,100.1551583,100.1551583
LEA3318_ph2b,4,87.336335,87.336335,87.336335,86.75715
LEA3319_ph2b,4,78.51756625,78.51756625,78.51756625,77.48875
LEA3320_ph2b,4,54.85121417,54.85121417,54.85121417,54.31775
LEA3321_ph2b,4,118.19655,118.19655,118.19655,118.19655
LEA3322_ph2b,4,110.8121683,110.8121683,110.8121683,109.92815
LEA3323_ph2b,4,102.3744413,102.3744413,102.3744413,100.65975
LEA3324_ph2b,4,95.02555,95.02555,95.02555,95.02555
LEA3325_ph2b,4,87.336335,87.336335,87.336335,86.75715
LEA3326_ph2b,4,78.51756625,78.51756625,78.51756625,77.48875
LEA3327_ph2b,4,71.85455,71.85455,71.85455,71.85455
LEA3328_ph2b,4,63.86050167,63.86050167,63.86050167,63.58615
LEA3329_ph2b,4,54.66069125,54.66069125,54.66069125,54.31775
LEA3330_ph2b,4,32.00790748,32.00790748,32.00790748,32.00790748
LEA3331_ph2b,4,359.2261332,359.2261332,359.2261332,359.2261332
LEA3332_ph2b,4,347.46121,347.46121,347.46121,346.7067471
LEA3333_ph2b,4,338.1623267,338.1623267,338.1623267,337.4383471
LEA3334_ph2b,4,331.8041471,331.8041471,331.8041471,331.8041471
LEA3335_ph2b,4,324.2140017,324.2140017,324.2140017,323.5357471
LEA3336_ph2b,4,314.9151184,314.9151184,314.9151184,314.2673471
LEA3337_ph2b,4,308.6331471,308.6331471,308.6331471,308.6331471
LEA3338_ph2b,4,300.9667934,300.9667934,300.9667934,300.3647471
LEA3339_ph2b,4,291.66791,291.66791,291.66791,291.0963471
LEA3340_ph2b,4,270.5706843,270.5706843,270.5706843,270.2608498
LEA3341_ph2b,4,331.8041471,331.8041471,331.8041471,331.8041471
LEA3342_ph2b,4,324.2140017,324.2140017,324.2140017,323.5357471
LEA3343_ph2b,4,314.9151184,314.9151184,314.9151184,314.2673471
LEA3344_ph2b,4,308.6331471,308.6331471,308.6331471,308.6331471
LEA3345_ph2b,4,300.9667934,300.9667934,300.9667934,300.3647471
LEA3346_ph2b,4,291.66791,291.66791,291.66791,291.0963471
LEA3347_ph2b,4,285.4621471,285.4621471,285.4621471,285.4621471
LEA3348_ph2b,4,277.719585,277.719585,277.719585,277.1937471
LEA3349_ph2b,4,268.4207017,268.4207017,268.4207017,267.9253471
LEA3350_ph2b,4,245.1734934,245.1734934,245.1734934,244.7543471
LEA3351_ph2b,4,308.6331471,308.6331471,308.6331471,308.6331471
LEA3352_ph2b,4,300.9667934,300.9667934,300.9667934,300.3647471
LEA3353_ph2b,4,291.66791,291.66791,291.66791,291.0963471
LEA3354_ph2b,4,285.4621471,285.4621471,285.4621471,285.4621471
LEA3355_ph2b,4,277.719585,277.719585,277.719585,277.1937471
LEA3356_ph2b,4,268.4207017,268.4207017,268.4207017,267.9253471
LEA3357_ph2b,4,262.2911471,262.2911471,262.2911471,262.2911471
LEA3358_ph2b,4,254.4723767,254.4723767,254.4723767,254.0227471
LEA3359_ph2b,4,245.1734934,245.1734934,245.1734934,244.7543471
LEA3360_ph2b,4,221.926285,221.926285,221.926285,221.5833471
LEA3361_ph2b,4,285.4621471,285.4621471,285.4621471,285.4621471
LEA3362_ph2b,4,277.719585,277.719585,277.719585,277.1937471
LEA3363_ph2b,4,268.4207017,268.4207017,268.4207017,267.9253471
LEA3364_ph2b,4,262.2911471,262.2911471,262.2911471,262.2911471
LEA3365_ph2b,4,254.4723767,254.4723767,254.4723767,254.0227471
LEA3366_ph2b,4,245.1734934,245.1734934,245.1734934,244.7543471
LEA3367_ph2b,4,239.1201471,239.1201471,239.1201471,239.1201471
LEA3368_ph2b,4,231.2251684,231.2251684,231.2251684,230.8517471
LEA3369_ph2b,4,221.926285,221.926285,221.926285,221.5833471
LEA3370_ph2b,4,197.1048415,197.1048415,197.1048415,196.7954095
LEA3371_ph2b,4,331.8041471,331.8041471,331.8041471,331.8041471
LEA3372_ph2b,4,324.2140017,324.2140017,324.2140017,323.5357471
LEA3373_ph2b,4,317.8412522,317.8412522,317.8412522,317.5350782
LEA3374_ph2b,4,308.6331471,308.6331471,308.6331471,308.6331471
LEA3375_ph2b,4,300.9667934,300.9667934,300.9667934,300.3647471
LEA3376_ph2b,4,291.66791,291.66791,291.66791,291.0963471
LEA3377_ph2b,4,284.2645388,284.2645388,284.2645388,284.2645388
LEA3378_ph2b,4,277.719585,277.719585,277.719585,277.1937471
LEA3379_ph2b,4,268.1064384,268.1064384,268.1064384,267.7971561
LEA3380_ph2b,4,245.6889505,245.6889505,245.6889505,245.3781344
LEA3381_ph2b,4,308.6331471,308.6331471,308.6331471,308.6331471
LEA3382_ph2b,4,300.9667934,300.9667934,300.9667934,300.3647471
LEA3383_ph2b,4,291.66791,291.66791,291.66791,291.0963471
LEA3384_ph2b,4,285.4621471,285.4621471,285.4621471,285.4621471
LEA3385_ph2b,4,276.0399014,276.0399014,276.0399014,275.7322625
LEA3386_ph2b,4,267.4329899,267.4329899,267.4329899,267.1246507
LEA3387_ph2b,4,262.2911471,262.2911471,262.2911471,262.2911471
LEA3388_ph2b,4,254.4723767,254.4723767,254.4723767,254.0227471
LEA3389_ph2b,4,243.0649231,243.0649231,243.0649231,242.7549721
LEA3390_ph2b,4,220.9728672,220.9728672,220.9728672,220.6613133
LEA3391_ph2b,4,285.4621471,285.4621471,285.4621471,285.4621471
LEA3392_ph2b,4,277.719585,277.719585,277.719585,277.1937471
LEA3393_ph2b,4,267.0017589,267.0017589,267.0017589,266.694013
LEA3394_ph2b,4,262.2911471,262.2911471,262.2911471,262.2911471
LEA3395_ph2b,4,254.4723767,254.4723767,254.4723767,254.0227471
LEA3396_ph2b,4,242.5631345,242.5631345,242.5631345,242.2540509
LEA3397_ph2b,4,234.2930637,234.2930637,234.2930637,234.2930637
LEA3398_ph2b,4,231.2251684,231.2251684,231.2251684,230.8517471
LEA3399_ph2b,4,219.0737418,219.0737418,219.0737418,218.7631413
LEA3400_ph2b,4,198.6649653,198.6649653,198.6649653,198.3528867
LEA3401_ph2b,4,262.2911471,262.2911471,262.2911471,262.2911471
LEA3402_ph2b,4,254.4723767,254.4723767,254.4723767,254.0227471
LEA3403_ph2b,4,245.1734934,245.1734934,245.1734934,244.7543471
LEA3404_ph2b,4,239.1201471,239.1201471,239.1201471,239.1201471
LEA3405_ph2b,4,231.2251684,231.2251684,231.2251684,230.8517471
LEA3406_ph2b,4,221.926285,221.926285,221.926285,221.5833471
LEA3407_ph2b,4,215.9491471,215.9491471,215.9491471,215.9491471
LEA3408_ph2b,4,207.97796,207.97796,207.97796,207.6807471
LEA3409_ph2b,4,198.6790767,198.6790767,198.6790767,198.4123471
LEA3410_ph2b,4,102.0306456,102.0306456,102.0306456,100.1388875
LEA3411_ph2b,4,3.66006019,4.203846299,6.813224804,4.203846299
LEA3412_ph2b,4,4.06061814,4.60440425,7.196846719,4.60440425
LEA3413_ph2b,4,1.114132766,1.298286778,2.129091418,1.298286778
LEA3414_ph2b,4,1.302360374,1.486514385,2.308474684,1.486514385
LEA3415_ph2b,4,11.25508897,12.62680138,17.11183386,12.62680138
LEA3416_ph2b,4,11.19225516,12.56396757,17.07443553,12.56396757
LEA3417_ph2b,4,14.16651004,15.19077984,21.23848906,15.19077984
LEA3418_ph2b,4,14.67622039,15.70049019,21.76540698,15.70049019
LEA3419_ph2b,4,24.31234919,27.30934154,37.35498547,27.30934154
LEA3420_ph2b,4,24.69712519,27.69411754,37.71187465,27.69411754
LEA3421_ph2b,4,24.80934077,27.80633312,37.88032591,27.80633312
LEA3422_ph2b,4,24.7546236,27.75161594,37.79478332,27.75161594
