timeseriesdescription,,,A,B,C,D
ExDO01a,01/04/2011 12:11,4,5.43395879,7.499947823,5.168682596,5.43395879
ExDO01a,01/04/2012 00:00,4,5.370010051,7.411685799,5.107855721,5.370010051
ExDO01a,01/04/2013 00:00,4,5.33427608,7.362365786,5.073866219,5.33427608
ExDO01a,01/04/2014 00:00,4,5.301805864,7.317550406,5.042981141,5.301805864
ExDO01a,01/04/2015 00:00,4,5.273195959,7.278063027,5.015767921,5.273195959
ExDO01a,01/04/2016 00:00,4,5.266488252,7.268805052,5.009387672,5.266488252
ExDO01a,01/04/2017 00:00,4,5.257625689,7.256572945,5.000957763,5.257625689
ExDO01a,01/04/2018 00:00,4,5.256236137,7.254655086,4.999636047,5.256236137
ExDO01a,01/04/2019 00:00,4,5.257641612,7.256594923,5.000972909,5.257641612
ExDO01a,01/04/2020 00:00,4,5.260738657,7.260869462,5.003918761,5.260738657
ExDO01a,01/04/2021 00:00,4,5.261970216,7.262569259,5.005090198,5.261970216
ExDO01a,01/04/2022 00:00,4,5.26818747,7.271150311,5.011003937,5.26818747
ExDO01a,01/04/2023 00:00,4,5.273667466,7.2787138,5.01621641,5.273667466
ExDO01a,01/04/2024 00:00,4,5.274109665,7.279324123,5.016637021,5.274109665
ExDO01a,01/04/2025 00:00,4,5.282530388,7.290946401,5.024646659,5.282530388
ExDO01a,01/04/2026 00:00,4,5.287261797,7.29747669,5.029147089,5.287261797
ExDO01a,01/04/2027 00:00,4,5.288702744,7.299465484,5.030517691,5.288702744
ExDO01a,01/04/2028 00:00,4,5.299268151,7.314047856,5.040567315,5.299268151
ExDO01a,01/04/2029 00:00,4,5.301680804,7.317377799,5.042862186,5.301680804
ExDO01a,01/04/2030 00:00,4,5.309163674,7.327705652,5.049979756,5.309163674
ExDO01a,01/04/2031 00:00,4,5.314866753,7.33557704,5.05540442,5.314866753
ExDO01a,01/04/2032 00:00,4,5.320011639,7.34267801,5.060298143,5.320011639
ExDO01a,01/04/2033 00:00,4,5.325931339,7.350848377,5.065928853,5.325931339
ExDO01a,01/04/2034 00:00,4,5.332508824,7.35992662,5.072185237,5.332508824
ExDO01a,01/04/2035 00:00,4,5.339494509,7.369568259,5.078829893,5.339494509
ExDO01a,01/04/2036 00:00,4,5.347721796,7.380923557,5.086655539,5.347721796
ExDO01a,01/04/2037 00:00,4,5.35606814,7.392443178,5.094594429,5.35606814
ExDO01a,01/04/2038 00:00,4,5.363482367,7.402676292,5.101646707,5.363482367
ExDO01a,01/04/2039 00:00,4,5.372024398,7.414466,5.109771731,5.372024398
ExDO01b,01/04/2011 12:11,4,16.67430379,21.48373991,17.64185169,16.67430379
ExDO01b,01/04/2012 00:00,4,16.43653958,21.17739642,17.3902909,16.43653958
ExDO01b,01/04/2013 00:00,4,16.15390625,20.81324203,17.09125741,16.15390625
ExDO01b,01/04/2014 00:00,4,15.9153933,20.50593384,16.83890445,15.9153933
ExDO01b,01/04/2015 00:00,4,15.70232512,20.23140955,16.61347271,15.70232512
ExDO01b,01/04/2016 00:00,4,15.67149042,20.19168106,16.58084878,15.67149042
ExDO01b,01/04/2017 00:00,4,15.66552632,20.18399672,16.57453861,15.66552632
ExDO01b,01/04/2018 00:00,4,15.6837886,20.20752646,16.59386058,15.6837886
ExDO01b,01/04/2019 00:00,4,15.71428013,20.24681279,16.62612142,15.71428013
ExDO01b,01/04/2020 00:00,4,15.74765691,20.28981656,16.66143493,15.74765691
ExDO01b,01/04/2021 00:00,4,15.76900386,20.3173207,16.68402057,15.76900386
ExDO01b,01/04/2022 00:00,4,15.79469067,20.35041646,16.71119789,15.79469067
ExDO01b,01/04/2023 00:00,4,15.82522155,20.38975348,16.74350036,15.82522155
ExDO01b,01/04/2024 00:00,4,15.84491646,20.41512907,16.76433809,15.84491646
ExDO01b,01/04/2025 00:00,4,15.87658556,20.45593262,16.79784484,15.87658556
ExDO01b,01/04/2026 00:00,4,15.90147766,20.48800445,16.82418133,15.90147766
ExDO01b,01/04/2027 00:00,4,15.93691438,20.53366232,16.86167431,15.93691438
ExDO01b,01/04/2028 00:00,4,15.96699968,20.57242525,16.89350535,15.96699968
ExDO01b,01/04/2029 00:00,4,15.99612411,20.60995015,16.92431976,15.99612411
ExDO01b,01/04/2030 00:00,4,16.03656688,20.662058,16.96710928,16.03656688
ExDO01b,01/04/2031 00:00,4,16.07144696,20.70699867,17.00401332,16.07144696
ExDO01b,01/04/2032 00:00,4,16.09930768,20.74289537,17.03349069,16.09930768
ExDO01b,01/04/2033 00:00,4,16.1354288,20.78943505,17.07170778,16.1354288
ExDO01b,01/04/2034 00:00,4,16.17166718,20.83612581,17.11004894,16.17166718
ExDO01b,01/04/2035 00:00,4,16.20760892,20.88243438,17.14807625,16.20760892
ExDO01b,01/04/2036 00:00,4,16.24243285,20.92730271,17.18492088,16.24243285
ExDO01b,01/04/2037 00:00,4,16.27960489,20.97519643,17.22424988,16.27960489
ExDO01b,01/04/2038 00:00,4,16.31768921,21.02426556,17.26454409,16.31768921
ExDO01b,01/04/2039 00:00,4,16.35772194,21.07584508,17.30689977,16.35772194
ExDO01c,01/04/2011 12:11,4,138.9359834,207.0879565,155.5303514,161.1052904
ExDO01c,01/04/2012 00:00,4,137.5154793,203.4231634,152.7779626,158.2542431
ExDO01c,01/04/2013 00:00,4,135.6748126,200.8068004,150.8129818,156.2188281
ExDO01c,01/04/2014 00:00,4,134.0022741,198.3188966,148.9444784,154.2833488
ExDO01c,01/04/2015 00:00,4,132.7557779,196.2746609,147.4091854,152.6930237
ExDO01c,01/04/2016 00:00,4,131.7239714,195.9977303,147.2012007,152.4775838
ExDO01c,01/04/2017 00:00,4,131.4598218,196.0173335,147.2159234,152.4928343
ExDO01c,01/04/2018 00:00,4,131.2417558,196.215691,147.3648969,152.6471477
ExDO01c,01/04/2019 00:00,4,131.3341132,196.5533835,147.6185159,152.9098575
ExDO01c,01/04/2020 00:00,4,131.4745771,196.9883488,147.9451901,153.2482413
ExDO01c,01/04/2021 00:00,4,131.6361268,197.4303985,148.2771851,153.5921365
ExDO01c,01/04/2022 00:00,4,131.8381938,197.8949856,148.6261063,153.9535647
ExDO01c,01/04/2023 00:00,4,132.0779651,198.4260997,149.0249918,154.3667481
ExDO01c,01/04/2024 00:00,4,132.3530628,198.908,149.3869158,154.7416452
ExDO01c,01/04/2025 00:00,4,132.6536762,199.3920767,149.7504745,155.1182356
ExDO01c,01/04/2026 00:00,4,132.9811569,199.9314027,150.1555273,155.5378074
ExDO01c,01/04/2027 00:00,4,133.289782,200.5151558,150.5939465,155.9919415
ExDO01c,01/04/2028 00:00,4,133.5922305,201.1054774,151.0372988,156.4511857
ExDO01c,01/04/2029 00:00,4,133.9015648,201.7141493,151.4944328,156.9247055
ExDO01c,01/04/2030 00:00,4,134.2187836,202.3539405,151.9749386,157.4224349
ExDO01c,01/04/2031 00:00,4,134.5384727,202.9865022,152.4500147,157.9145399
ExDO01c,01/04/2032 00:00,4,134.858784,203.6385124,152.9396973,158.4217751
ExDO01c,01/04/2033 00:00,4,135.1889937,204.3090982,153.4433309,158.9434613
ExDO01c,01/04/2034 00:00,4,135.501257,204.9602657,153.9323806,159.4500409
ExDO01c,01/04/2035 00:00,4,135.7879309,205.6309428,154.4360827,159.971798
ExDO01c,01/04/2036 00:00,4,136.1050475,206.3565413,154.9810328,160.5362817
ExDO01c,01/04/2037 00:00,4,136.4199804,207.0801679,155.5245018,161.0992312
ExDO01c,01/04/2038 00:00,4,136.7423344,207.8264094,156.0849555,161.6797742
ExDO01c,01/04/2039 00:00,4,137.0698432,208.5872419,156.6563675,162.2716683
ExDO02,01/04/2011 12:11,4,36.39623514,46.17997121,34.84548519,36.39623514
ExDO02,01/04/2012 00:00,4,35.75443456,45.36564708,34.23103008,35.75443456
ExDO02,01/04/2013 00:00,4,35.57330592,45.13582893,34.05761887,35.57330592
ExDO02,01/04/2014 00:00,4,35.39394916,44.90825897,33.88590404,35.39394916
ExDO02,01/04/2015 00:00,4,35.29920671,44.78804863,33.79519832,35.29920671
ExDO02,01/04/2016 00:00,4,35.20429561,44.66762432,33.70433114,35.20429561
ExDO02,01/04/2017 00:00,4,35.18332526,44.64101689,33.68425428,35.18332526
ExDO02,01/04/2018 00:00,4,35.19526101,44.6561611,33.69568148,35.19526101
ExDO02,01/04/2019 00:00,4,35.25139436,44.72738376,33.74942313,35.25139436
ExDO02,01/04/2020 00:00,4,35.3119062,44.8041619,33.80735672,35.3119062
ExDO02,01/04/2021 00:00,4,35.39004571,44.90330623,33.88216691,35.39004571
ExDO02,01/04/2022 00:00,4,35.46340544,44.99638591,33.95240096,35.46340544
ExDO02,01/04/2023 00:00,4,35.54319139,45.09761926,34.02878744,35.54319139
ExDO02,01/04/2024 00:00,4,35.63019974,45.20801648,34.11208859,35.63019974
ExDO02,01/04/2025 00:00,4,35.72155254,45.32392599,34.19954908,35.72155254
ExDO02,01/04/2026 00:00,4,35.82053019,45.44950999,34.29430955,35.82053019
ExDO02,01/04/2027 00:00,4,35.90634926,45.55839825,34.37647209,35.90634926
ExDO02,01/04/2028 00:00,4,36.0015699,45.67921532,34.46763563,36.0015699
ExDO02,01/04/2029 00:00,4,36.09074785,45.79236534,34.55301393,36.09074785
ExDO02,01/04/2030 00:00,4,36.19863527,45.92925417,34.65630455,36.19863527
ExDO02,01/04/2031 00:00,4,36.29311469,46.04913077,34.74675844,36.29311469
ExDO02,01/04/2032 00:00,4,36.38349616,46.16380784,34.83328899,36.38349616
ExDO02,01/04/2033 00:00,4,36.46586406,46.26831721,34.91214741,36.46586406
ExDO02,01/04/2034 00:00,4,36.56588742,46.39522801,35.00790902,36.56588742
ExDO02,01/04/2035 00:00,4,36.66786053,46.52461269,35.10553732,36.66786053
ExDO02,01/04/2036 00:00,4,36.76681461,46.6501668,35.20027523,36.76681461
ExDO02,01/04/2037 00:00,4,36.87043248,46.78163837,35.29947821,36.87043248
ExDO02,01/04/2038 00:00,4,36.97801512,46.91814049,35.40247703,36.97801512
ExDO02,01/04/2039 00:00,4,37.08864385,47.05850753,35.50839215,37.08864385
ExDO03,01/04/2011 12:11,4,64.67804674,83.01052667,63.99662707,64.67804674
ExDO03,01/04/2012 00:00,4,63.87169168,81.97561665,63.19876741,63.87169168
ExDO03,01/04/2013 00:00,4,63.03740382,80.9048565,62.37326924,63.03740382
ExDO03,01/04/2014 00:00,4,62.24147028,79.88332191,61.58572131,62.24147028
ExDO03,01/04/2015 00:00,4,61.61650562,79.08121597,60.96734101,61.61650562
ExDO03,01/04/2016 00:00,4,61.62255896,79.08898508,60.97333057,61.62255896
ExDO03,01/04/2017 00:00,4,61.6870501,79.17175572,61.03714226,61.6870501
ExDO03,01/04/2018 00:00,4,61.81834263,79.34026208,61.16705155,61.81834263
ExDO03,01/04/2019 00:00,4,62.0013533,79.57514568,61.3481341,62.0013533
ExDO03,01/04/2020 00:00,4,62.22817606,79.86625954,61.57256715,62.22817606
ExDO03,01/04/2021 00:00,4,62.47799442,80.18688694,61.81975353,62.47799442
ExDO03,01/04/2022 00:00,4,62.72881978,80.50880676,62.06793631,62.72881978
ExDO03,01/04/2023 00:00,4,62.9717852,80.8206388,62.30834195,62.9717852
ExDO03,01/04/2024 00:00,4,63.23591832,81.15963837,62.56969228,63.23591832
ExDO03,01/04/2025 00:00,4,63.49476545,81.49185367,62.82581231,63.49476545
ExDO03,01/04/2026 00:00,4,63.76514894,81.83887522,63.09334716,63.76514894
ExDO03,01/04/2027 00:00,4,64.0337525,82.18361232,63.35912083,64.0337525
ExDO03,01/04/2028 00:00,4,64.29130194,82.51416212,63.61395684,64.29130194
ExDO03,01/04/2029 00:00,4,64.55359917,82.85080542,63.87349062,64.55359917
ExDO03,01/04/2030 00:00,4,64.8219896,83.19526898,64.1390534,64.8219896
ExDO03,01/04/2031 00:00,4,65.07427679,83.51906498,64.3886826,65.07427679
ExDO03,01/04/2032 00:00,4,65.3537099,83.8777012,64.66517174,65.3537099
ExDO03,01/04/2033 00:00,4,65.62438298,84.22509441,64.93299311,65.62438298
ExDO03,01/04/2034 00:00,4,65.89176316,84.56826139,65.1975563,65.89176316
ExDO03,01/04/2035 00:00,4,66.1795849,84.93766392,65.48234567,66.1795849
ExDO03,01/04/2036 00:00,4,66.45180901,85.2870478,65.75170175,66.45180901
ExDO03,01/04/2037 00:00,4,66.72869326,85.64241269,66.02566887,66.72869326
ExDO03,01/04/2038 00:00,4,67.01376649,86.00828767,66.30773869,67.01376649
ExDO03,01/04/2039 00:00,4,67.30300041,86.37950266,66.59392537,67.30300041
ExDO06a,01/04/2011 12:11,4,88.559743,106.2784051,86.59555149,88.559743
ExDO06a,01/04/2012 00:00,4,86.1967515,103.4426362,84.28496944,86.1967515
ExDO06a,01/04/2013 00:00,4,84.65576461,101.5933351,82.77816054,84.65576461
ExDO06a,01/04/2014 00:00,4,83.17137756,99.81195812,81.32669612,83.17137756
ExDO06a,01/04/2015 00:00,4,81.91740477,98.30709571,80.10053555,81.91740477
ExDO06a,01/04/2016 00:00,4,81.77246735,98.13315982,79.95881273,81.77246735
ExDO06a,01/04/2017 00:00,4,81.75516794,98.11239921,79.94189701,81.75516794
ExDO06a,01/04/2018 00:00,4,81.79986409,98.16603799,79.98560184,81.79986409
ExDO06a,01/04/2019 00:00,4,81.94456751,98.33969306,80.12709584,81.94456751
ExDO06a,01/04/2020 00:00,4,82.10579513,98.53317842,80.28474754,82.10579513
ExDO06a,01/04/2021 00:00,4,82.28216538,98.74483609,80.45720603,82.28216538
ExDO06a,01/04/2022 00:00,4,82.45520703,98.95249919,80.62640973,82.45520703
ExDO06a,01/04/2023 00:00,4,82.66240349,99.20115065,80.82901073,82.66240349
ExDO06a,01/04/2024 00:00,4,82.90469002,99.49191285,81.06592352,82.90469002
ExDO06a,01/04/2025 00:00,4,83.1568262,99.79449538,81.3124675,83.1568262
ExDO06a,01/04/2026 00:00,4,83.43140528,100.1240111,81.58095662,83.43140528
ExDO06a,01/04/2027 00:00,4,83.71827597,100.4682777,81.86146472,83.71827597
ExDO06a,01/04/2028 00:00,4,84.0446667,100.8599713,82.18061634,84.0446667
ExDO06a,01/04/2029 00:00,4,84.36018051,101.2386118,82.48913227,84.36018051
ExDO06a,01/04/2030 00:00,4,84.68953572,101.633863,82.81118262,84.68953572
ExDO06a,01/04/2031 00:00,4,85.01709283,102.0269564,83.13147476,85.01709283
ExDO06a,01/04/2032 00:00,4,85.36637537,102.4461219,83.47301045,85.36637537
ExDO06a,01/04/2033 00:00,4,85.72055201,102.8711607,83.81933171,85.72055201
ExDO06a,01/04/2034 00:00,4,86.06674166,103.2866145,84.15784312,86.06674166
ExDO06a,01/04/2035 00:00,4,86.43157798,103.7244458,84.51458764,86.43157798
ExDO06a,01/04/2036 00:00,4,86.81120667,104.180029,84.88579643,86.81120667
ExDO06a,01/04/2037 00:00,4,87.19353764,104.6388551,85.25964758,87.19353764
ExDO06a,01/04/2038 00:00,4,87.58790835,105.1121299,85.64527143,87.58790835
ExDO06a,01/04/2039 00:00,4,87.9863942,105.5903431,86.03491915,87.9863942
ExDO06b,01/04/2011 12:11,4,45.62087558,54.74850912,44.60903731,45.62087558
ExDO06b,01/04/2012 00:00,4,44.78268398,53.74261566,43.7894362,44.78268398
ExDO06b,01/04/2013 00:00,4,44.34013459,53.21152284,43.35670224,44.34013459
ExDO06b,01/04/2014 00:00,4,43.91482748,52.70112207,42.94082814,43.91482748
ExDO06b,01/04/2015 00:00,4,43.61397139,52.34007195,42.64664481,43.61397139
ExDO06b,01/04/2016 00:00,4,43.61455698,52.34077471,42.64721742,43.61455698
ExDO06b,01/04/2017 00:00,4,43.68554464,52.42596528,42.71663063,43.68554464
ExDO06b,01/04/2018 00:00,4,43.78467918,52.54493424,42.81356643,43.78467918
ExDO06b,01/04/2019 00:00,4,43.92819638,52.71716577,42.95390053,43.92819638
ExDO06b,01/04/2020 00:00,4,44.09252672,52.91437462,43.11458613,44.09252672
ExDO06b,01/04/2021 00:00,4,44.26687879,53.12361033,43.2850712,44.26687879
ExDO06b,01/04/2022 00:00,4,44.42797044,53.31693252,43.44258996,44.42797044
ExDO06b,01/04/2023 00:00,4,44.62342695,53.55149514,43.63371137,44.62342695
ExDO06b,01/04/2024 00:00,4,44.80966639,53.77499659,43.81582016,44.80966639
ExDO06b,01/04/2025 00:00,4,45.00667335,54.01141988,44.00845765,45.00667335
ExDO06b,01/04/2026 00:00,4,45.21849922,54.26562698,44.21558537,45.21849922
ExDO06b,01/04/2027 00:00,4,45.42029392,54.50779592,44.41290441,45.42029392
ExDO06b,01/04/2028 00:00,4,45.61991152,54.74735218,44.60809464,45.61991152
ExDO06b,01/04/2029 00:00,4,45.81925647,54.98658123,44.80301826,45.81925647
ExDO06b,01/04/2030 00:00,4,46.01620048,55.22292897,44.99559419,46.01620048
ExDO06b,01/04/2031 00:00,4,46.20504815,55.44956049,45.18025336,46.20504815
ExDO06b,01/04/2032 00:00,4,46.40772354,55.69278633,45.37843356,46.40772354
ExDO06b,01/04/2033 00:00,4,46.60697965,55.93190876,45.57327031,46.60697965
ExDO06b,01/04/2034 00:00,4,46.81739164,56.18441909,45.7790155,46.81739164
ExDO06b,01/04/2035 00:00,4,47.02214977,56.43014437,45.97923225,47.02214977
ExDO06b,01/04/2036 00:00,4,47.24235489,56.69440721,46.19455337,47.24235489
ExDO06b,01/04/2037 00:00,4,47.46252012,56.95862218,46.40983551,47.46252012
ExDO06b,01/04/2038 00:00,4,47.68624441,57.22710829,46.62859775,47.68624441
ExDO06b,01/04/2039 00:00,4,47.91374807,57.50012993,46.85105554,47.91374807
ExDO07,01/04/2011 12:11,4,26.61584783,32.52240201,26.61584783,26.61584783
ExDO07,01/04/2012 00:00,4,25.68570544,31.38584364,25.68570544,25.68570544
ExDO07,01/04/2013 00:00,4,25.24754709,30.85044976,25.24754709,25.24754709
ExDO07,01/04/2014 00:00,4,24.83976307,30.35217084,24.83976307,24.83976307
ExDO07,01/04/2015 00:00,4,24.48947088,29.92414227,24.48947088,24.48947088
ExDO07,01/04/2016 00:00,4,24.43260998,29.85466287,24.43260998,24.43260998
ExDO07,01/04/2017 00:00,4,24.42650234,29.84719983,24.42650234,24.42650234
ExDO07,01/04/2018 00:00,4,24.4447724,29.86952436,24.4447724,24.4447724
ExDO07,01/04/2019 00:00,4,24.47798612,29.91010883,24.47798612,24.47798612
ExDO07,01/04/2020 00:00,4,24.53387512,29.97840063,24.53387512,24.53387512
ExDO07,01/04/2021 00:00,4,24.59132495,30.04859966,24.59132495,24.59132495
ExDO07,01/04/2022 00:00,4,24.65555639,30.12708526,24.65555639,24.65555639
ExDO07,01/04/2023 00:00,4,24.71292915,30.1971901,24.71292915,24.71292915
ExDO07,01/04/2024 00:00,4,24.78375526,30.28373385,24.78375526,24.78375526
ExDO07,01/04/2025 00:00,4,24.85280678,30.3681092,24.85280678,24.85280678
ExDO07,01/04/2026 00:00,4,24.9264574,30.45810427,24.9264574,24.9264574
ExDO07,01/04/2027 00:00,4,25.00699758,30.55651781,25.00699758,25.00699758
ExDO07,01/04/2028 00:00,4,25.08771452,30.65514736,25.08771452,25.08771452
ExDO07,01/04/2029 00:00,4,25.17641789,30.76353566,25.17641789,25.17641789
ExDO07,01/04/2030 00:00,4,25.26286819,30.8691709,25.26286819,25.26286819
ExDO07,01/04/2031 00:00,4,25.35744412,30.984735,25.35744412,25.35744412
ExDO07,01/04/2032 00:00,4,25.44359024,31.08999855,25.44359024,25.44359024
ExDO07,01/04/2033 00:00,4,25.54496566,31.21387107,25.54496566,25.54496566
ExDO07,01/04/2034 00:00,4,25.64937156,31.3414466,25.64937156,25.64937156
ExDO07,01/04/2035 00:00,4,25.74407209,31.45716294,25.74407209,25.74407209
ExDO07,01/04/2036 00:00,4,25.85116487,31.58802161,25.85116487,25.85116487
ExDO07,01/04/2037 00:00,4,25.95875093,31.71948302,25.95875093,25.95875093
ExDO07,01/04/2038 00:00,4,26.06807255,31.85306516,26.06807255,26.06807255
ExDO07,01/04/2039 00:00,4,26.17326748,31.98160481,26.17326748,26.17326748
ExDO12,01/04/2011 12:11,4,125.325147,152.3784785,125.325147,125.325147
ExDO12,01/04/2012 00:00,4,121.5613284,147.8021826,121.5613284,121.5613284
ExDO12,01/04/2013 00:00,4,119.3565698,145.1214935,119.3565698,119.3565698
ExDO12,01/04/2014 00:00,4,117.2350892,142.5420592,117.2350892,117.2350892
ExDO12,01/04/2015 00:00,4,115.419473,140.3345147,115.419473,115.419473
ExDO12,01/04/2016 00:00,4,115.5115652,140.4464864,115.5115652,115.5115652
ExDO12,01/04/2017 00:00,4,115.7803439,140.773285,115.7803439,115.7803439
ExDO12,01/04/2018 00:00,4,116.1576938,141.2320916,116.1576938,116.1576938
ExDO12,01/04/2019 00:00,4,116.6232176,141.7981058,116.6232176,116.6232176
ExDO12,01/04/2020 00:00,4,117.1186077,142.4004333,117.1186077,117.1186077
ExDO12,01/04/2021 00:00,4,117.6239725,143.0148888,117.6239725,117.6239725
ExDO12,01/04/2022 00:00,4,118.1170624,143.6144196,118.1170624,118.1170624
ExDO12,01/04/2023 00:00,4,118.6287762,144.2365946,118.6287762,118.6287762
ExDO12,01/04/2024 00:00,4,119.1375007,144.8551349,119.1375007,119.1375007
ExDO12,01/04/2025 00:00,4,119.6606926,145.4912657,119.6606926,119.6606926
ExDO12,01/04/2026 00:00,4,120.1878231,146.1321854,120.1878231,120.1878231
ExDO12,01/04/2027 00:00,4,120.7304345,146.7919277,120.7304345,120.7304345
ExDO12,01/04/2028 00:00,4,121.2777298,147.457365,121.2777298,121.2777298
ExDO12,01/04/2029 00:00,4,121.8409358,148.1421475,121.8409358,121.8409358
ExDO12,01/04/2030 00:00,4,122.4065036,148.8298017,122.4065036,122.4065036
ExDO12,01/04/2031 00:00,4,122.9940144,149.5441355,122.9940144,122.9940144
ExDO12,01/04/2032 00:00,4,123.5698523,150.2442768,123.5698523,123.5698523
ExDO12,01/04/2033 00:00,4,124.1726946,150.9772517,124.1726946,124.1726946
ExDO12,01/04/2034 00:00,4,124.7854668,151.7223002,124.7854668,124.7854668
ExDO12,01/04/2035 00:00,4,125.4062975,152.4771465,125.4062975,125.4062975
ExDO12,01/04/2036 00:00,4,126.0089023,153.2098327,126.0089023,126.0089023
ExDO12,01/04/2037 00:00,4,126.6024615,153.9315206,126.6024615,126.6024615
ExDO12,01/04/2038 00:00,4,127.1385608,154.5833451,127.1385608,127.1385608
ExDO12,01/04/2039 00:00,4,127.6823455,155.2445139,127.6823455,127.6823455
ExDO17,01/04/2011 12:11,4,48.06429129,62.54074527,48.06429129,48.06429129
ExDO17,01/04/2012 00:00,4,46.84143364,60.94957589,46.84143364,46.84143364
ExDO17,01/04/2013 00:00,4,46.29821009,60.24273917,46.29821009,46.29821009
ExDO17,01/04/2014 00:00,4,45.79202665,59.58409866,45.79202665,45.79202665
ExDO17,01/04/2015 00:00,4,45.39534566,59.06794158,45.39534566,45.39534566
ExDO17,01/04/2016 00:00,4,45.32300184,58.97380856,45.32300184,45.32300184
ExDO17,01/04/2017 00:00,4,45.33133401,58.9846503,45.33133401,45.33133401
ExDO17,01/04/2018 00:00,4,45.36909111,59.03377944,45.36909111,45.36909111
ExDO17,01/04/2019 00:00,4,45.4609265,59.15327466,45.4609265,45.4609265
ExDO17,01/04/2020 00:00,4,45.57467799,59.30128689,45.57467799,45.57467799
ExDO17,01/04/2021 00:00,4,45.68914421,59.45022913,45.68914421,45.68914421
ExDO17,01/04/2022 00:00,4,45.80519711,59.60123592,45.80519711,45.80519711
ExDO17,01/04/2023 00:00,4,45.93067702,59.76450905,45.93067702,45.93067702
ExDO17,01/04/2024 00:00,4,46.07150597,59.94775419,46.07150597,46.07150597
ExDO17,01/04/2025 00:00,4,46.20042691,60.11550474,46.20042691,46.20042691
ExDO17,01/04/2026 00:00,4,46.35811484,60.3206866,46.35811484,46.35811484
ExDO17,01/04/2027 00:00,4,46.49782016,60.50246968,46.49782016,46.49782016
ExDO17,01/04/2028 00:00,4,46.65281265,60.70414427,46.65281265,46.65281265
ExDO17,01/04/2029 00:00,4,46.81507333,60.91527613,46.81507333,46.81507333
ExDO17,01/04/2030 00:00,4,46.97985162,61.1296839,46.97985162,46.97985162
ExDO17,01/04/2031 00:00,4,47.15159993,61.35316097,47.15159993,47.15159993
ExDO17,01/04/2032 00:00,4,47.32343207,61.57674713,47.32343207,47.32343207
ExDO17,01/04/2033 00:00,4,47.4956583,61.80084607,47.4956583,47.4956583
ExDO17,01/04/2034 00:00,4,47.66207251,62.01738248,47.66207251,47.66207251
ExDO17,01/04/2035 00:00,4,47.84541801,62.2559497,47.84541801,47.84541801
ExDO17,01/04/2036 00:00,4,48.02684421,62.49201954,48.02684421,48.02684421
ExDO17,01/04/2037 00:00,4,48.21275626,62.73392631,48.21275626,48.21275626
ExDO17,01/04/2038 00:00,4,48.40075525,62.97854861,48.40075525,48.40075525
ExDO17,01/04/2039 00:00,4,48.58439926,63.21750424,48.58439926,48.58439926
ExDO20,01/04/2011 12:11,4,187.61,236.78,174.6702434,183.4113599
ExDO20,01/04/2012 00:00,4,186.1275,235.835,172.9151826,181.1327835
ExDO20,01/04/2013 00:00,4,184.645,235.16625,171.1601217,178.8542072
ExDO20,01/04/2014 00:00,4,183.1625,234.6921875,169.4050609,176.5756308
ExDO20,01/04/2015 00:00,4,181.68,233,167.65,174.2970544
ExDO20,01/04/2016 00:00,4,181.3,233.16,167.01,173.7764316
ExDO20,01/04/2017 00:00,4,180.88,233.27,166.33,173.2193806
ExDO20,01/04/2018 00:00,4,180.47,233.37,165.66,172.6655246
ExDO20,01/04/2019 00:00,4,180.03,233.45,164.95,172.0840464
ExDO20,01/04/2020 00:00,4,179.6,233.55,164.26,171.5167016
ExDO20,01/04/2021 00:00,4,179.16,233.63,163.57,170.9402477
ExDO20,01/04/2022 00:00,4,178.76,233.76,162.91,170.4026148
ExDO20,01/04/2023 00:00,4,178.38,233.91,162.26,169.8811742
ExDO20,01/04/2024 00:00,4,178.03,234.11,161.65,169.3939992
ExDO20,01/04/2025 00:00,4,177.7,234.3,161.08,168.9363562
ExDO20,01/04/2026 00:00,4,177.47,234.62,160.59,168.5660097
ExDO20,01/04/2027 00:00,4,177.25,234.93,160.11,168.2090158
ExDO20,01/04/2028 00:00,4,177.07,235.31,159.68,167.8957031
ExDO20,01/04/2029 00:00,4,176.92,235.71,159.26,167.6042724
ExDO20,01/04/2030 00:00,4,176.76,236.08,158.85,167.3109645
ExDO20,01/04/2031 00:00,4,176.63,236.5,158.47,167.0498399
ExDO20,01/04/2032 00:00,4,176.49,236.89,158.09,166.7854352
ExDO20,01/04/2033 00:00,4,176.39,237.32,157.74,166.5488731
ExDO20,01/04/2034 00:00,4,176.3,237.77,157.41,166.3335239
ExDO20,01/04/2035 00:00,4,176.18,238.16,157.06,166.0907753
ExDO20,01/04/2036 00:00,4,176.16,238.68,156.79,165.9376713
ExDO20,01/04/2037 00:00,4,176.13,239.18,156.52,165.7800548
ExDO20,01/04/2038 00:00,4,176.12,239.7,156.26,165.6403103
ExDO20,01/04/2039 00:00,4,176.12,240.24,156.03,165.518804
ExDO27,01/04/2011 12:11,4,192.8687797,224.7752391,183.2253408,180.8232027
ExDO27,01/04/2012 00:00,4,192.0999233,223.8476282,182.4949271,180.1141087
ExDO27,01/04/2013 00:00,4,191.357546,222.9338283,181.7896687,179.4303846
ExDO27,01/04/2014 00:00,4,190.6801443,222.0810498,181.1461371,178.806112
ExDO27,01/04/2015 00:00,4,189.8786424,221.1522483,180.3847103,178.0700735
ExDO27,01/04/2016 00:00,4,189.0442672,220.1493059,179.5920539,177.3202472
ExDO27,01/04/2017 00:00,4,188.3829751,219.248823,178.9638264,176.7236618
ExDO27,01/04/2018 00:00,4,188.062543,218.6677649,178.6594158,176.4781083
ExDO27,01/04/2019 00:00,4,187.863405,218.1321598,178.4702348,176.3543471
ExDO27,01/04/2020 00:00,4,188.2497549,219.1021871,178.8372672,176.7585297
ExDO27,01/04/2021 00:00,4,188.4353597,219.8207724,179.0135917,176.9574755
ExDO27,01/04/2022 00:00,4,188.5943163,220.5062271,179.1646005,177.1196671
ExDO27,01/04/2023 00:00,4,188.7585465,221.1998619,179.3206192,177.2994606
ExDO27,01/04/2024 00:00,4,188.9166481,221.8918462,179.4708157,177.4754397
ExDO27,01/04/2025 00:00,4,189.0746401,222.5874976,179.6209081,177.6457969
ExDO27,01/04/2026 00:00,4,189.2096838,223.2546457,179.7491996,177.8050485
ExDO27,01/04/2027 00:00,4,189.4013637,223.9972662,179.9312955,178.0110475
ExDO27,01/04/2028 00:00,4,189.5892321,224.73651,180.1097705,178.2222388
ExDO27,01/04/2029 00:00,4,189.7821914,225.4735577,180.2930819,178.4302433
ExDO27,01/04/2030 00:00,4,190.0167531,226.261401,180.5159155,178.6765022
ExDO27,01/04/2031 00:00,4,190.2296847,227.0218228,180.7182004,178.9093241
ExDO27,01/04/2032 00:00,4,190.462379,227.8104707,180.9392601,179.1661993
ExDO27,01/04/2033 00:00,4,190.7116699,228.6234739,181.1760864,179.4383254
ExDO27,01/04/2034 00:00,4,190.9435712,229.4223706,181.3963926,179.6927104
ExDO27,01/04/2035 00:00,4,191.1873768,230.240042,181.6280079,179.9546813
ExDO27,01/04/2036 00:00,4,191.4492451,231.0844576,181.8767828,180.2266292
ExDO27,01/04/2037 00:00,4,191.7121327,231.932406,182.126526,180.5231549
ExDO27,01/04/2038 00:00,4,191.9894996,232.8026162,182.3900246,180.8130375
ExDO27,01/04/2039 00:00,4,192.1592281,233.5711807,182.5512667,181.0101245
ExDO28,01/04/2011 12:11,4,39.84762294,54.29098372,37.85524179,37.26540163
ExDO28,01/04/2012 00:00,4,39.41515483,53.64922706,37.44439709,36.88332012
ExDO28,01/04/2013 00:00,4,39.0682366,53.1279041,37.11482477,36.58516248
ExDO28,01/04/2014 00:00,4,38.78335172,52.70311561,36.84418413,36.34201478
ExDO28,01/04/2015 00:00,4,38.73649461,52.69754858,36.79966988,36.29895168
ExDO28,01/04/2016 00:00,4,38.67433374,52.70618726,36.74061706,36.23589271
ExDO28,01/04/2017 00:00,4,38.64056179,52.76079568,36.7085337,36.20032756
ExDO28,01/04/2018 00:00,4,38.63951683,52.86656312,36.70754099,36.19156185
ExDO28,01/04/2019 00:00,4,38.66665374,53.01588722,36.73332105,36.22244039
ExDO28,01/04/2020 00:00,4,38.76660881,53.2581717,36.82827837,36.31835385
ExDO28,01/04/2021 00:00,4,38.82959561,53.45443401,36.88811583,36.38154225
ExDO28,01/04/2022 00:00,4,38.89934929,53.66071757,36.95438182,36.4549419
ExDO28,01/04/2023 00:00,4,38.97338629,53.87311697,37.02471698,36.53231046
ExDO28,01/04/2024 00:00,4,39.0569541,54.10123728,37.10410639,36.61741354
ExDO28,01/04/2025 00:00,4,39.15378537,54.34740377,37.1960961,36.70676216
ExDO28,01/04/2026 00:00,4,39.23518461,54.57546242,37.27342538,36.79226754
ExDO28,01/04/2027 00:00,4,39.32465735,54.8149524,37.35842448,36.88421244
ExDO28,01/04/2028 00:00,4,39.37503154,55.00553573,37.40627996,36.93482821
ExDO28,01/04/2029 00:00,4,39.45692434,55.23591453,37.48407812,37.01562575
ExDO28,01/04/2030 00:00,4,39.5475131,55.47953232,37.57013745,37.10346973
ExDO28,01/04/2031 00:00,4,39.62835197,55.71119545,37.64693437,37.19451397
ExDO28,01/04/2032 00:00,4,39.71672217,55.95231054,37.73088606,37.28526504
ExDO28,01/04/2033 00:00,4,39.80398944,56.19227112,37.81378997,37.37524369
ExDO28,01/04/2034 00:00,4,39.89277401,56.43357829,37.89813531,37.45961609
ExDO28,01/04/2035 00:00,4,39.97864819,56.67205086,37.97971578,37.55044634
ExDO28,01/04/2036 00:00,4,40.0735484,56.92371314,38.06987098,37.64104375
ExDO28,01/04/2037 00:00,4,40.17122901,57.18005553,38.16266756,37.74438598
ExDO28,01/04/2038 00:00,4,40.27251722,57.44205025,38.25889135,37.84353029
ExDO28,01/04/2039 00:00,4,40.34221212,57.64391922,38.32510151,37.92229323
ExDO29,01/04/2011 12:11,4,74.06629003,88.53706428,70.36297553,71.30179746
ExDO29,01/04/2012 00:00,4,73.51730542,88.14647586,69.84144015,70.82758105
ExDO29,01/04/2013 00:00,4,73.07438658,87.89524713,69.42066725,70.45207681
ExDO29,01/04/2014 00:00,4,72.61705573,87.64079702,68.98620294,70.05184357
ExDO29,01/04/2015 00:00,4,72.52476859,87.67049231,68.89853016,69.96664307
ExDO29,01/04/2016 00:00,4,72.43574607,87.76544523,68.81395877,69.87441615
ExDO29,01/04/2017 00:00,4,72.50580651,88.07196191,68.88051618,69.94452074
ExDO29,01/04/2018 00:00,4,72.67290943,88.51105441,69.03926396,70.11183465
ExDO29,01/04/2019 00:00,4,72.88470587,89.01839898,69.24047058,70.31804533
ExDO29,01/04/2020 00:00,4,73.10648354,89.51146206,69.45115936,70.53923476
ExDO29,01/04/2021 00:00,4,73.21620208,89.86494229,69.55539198,70.65512544
ExDO29,01/04/2022 00:00,4,73.33648487,90.23338769,69.66966063,70.77563273
ExDO29,01/04/2023 00:00,4,73.47919428,90.63200316,69.80523457,70.93014503
ExDO29,01/04/2024 00:00,4,73.62605276,91.03665,69.94475012,71.070247
ExDO29,01/04/2025 00:00,4,73.76816456,91.43545452,70.07975633,71.22031636
ExDO29,01/04/2026 00:00,4,73.93600398,91.86953956,70.23920379,71.39781625
ExDO29,01/04/2027 00:00,4,74.08096184,92.27517706,70.37691375,71.53985072
ExDO29,01/04/2028 00:00,4,74.2426814,92.70314873,70.53054733,71.71508788
ExDO29,01/04/2029 00:00,4,74.40624148,93.13562497,70.68592941,71.87843097
ExDO29,01/04/2030 00:00,4,74.56462031,93.56386699,70.8363893,72.04370251
ExDO29,01/04/2031 00:00,4,74.72565992,93.99734706,70.98937693,72.21331135
ExDO29,01/04/2032 00:00,4,74.88059526,94.42353405,71.1365655,72.37148105
ExDO29,01/04/2033 00:00,4,75.04905856,94.86828117,71.29660563,72.55781169
ExDO29,01/04/2034 00:00,4,75.21989863,95.31731553,71.4589037,72.73061451
ExDO29,01/04/2035 00:00,4,75.38804446,95.76388559,71.61864223,72.90651729
ExDO29,01/04/2036 00:00,4,75.56863603,96.22870283,71.79020422,73.09287067
ExDO29,01/04/2037 00:00,4,75.75181828,96.69841666,71.96422737,73.28165669
ExDO29,01/04/2038 00:00,4,75.9391783,97.17504715,72.14221939,73.47580768
ExDO29,01/04/2039 00:00,4,76.09120815,97.60865202,72.28664774,73.64006624
ExDO30,01/04/2011 12:11,4,62.10668346,76.68749509,59.00134929,59.61002529
ExDO30,01/04/2012 00:00,4,61.70559166,76.424013,58.62031208,59.24629847
ExDO30,01/04/2013 00:00,4,61.40525315,76.27050745,58.33499049,58.99068702
ExDO30,01/04/2014 00:00,4,61.15689016,76.17077404,58.09904565,58.78198409
ExDO30,01/04/2015 00:00,4,61.14621909,76.28753467,58.08890813,58.75556338
ExDO30,01/04/2016 00:00,4,61.12063643,76.43498428,58.06460461,58.72139298
ExDO30,01/04/2017 00:00,4,61.13211502,76.62582334,58.07550926,58.7379147
ExDO30,01/04/2018 00:00,4,61.21662286,76.90748159,58.15579172,58.79732
ExDO30,01/04/2019 00:00,4,61.3652661,77.26961271,58.29700279,58.94696735
ExDO30,01/04/2020 00:00,4,61.47451488,77.57456194,58.40078914,59.05324873
ExDO30,01/04/2021 00:00,4,61.54652293,77.83310055,58.46919678,59.12801642
ExDO30,01/04/2022 00:00,4,61.62352448,78.09919982,58.54234826,59.20748779
ExDO30,01/04/2023 00:00,4,61.72481771,78.39658201,58.63857683,59.31359565
ExDO30,01/04/2024 00:00,4,61.82138547,78.69020077,58.73031619,59.41248665
ExDO30,01/04/2025 00:00,4,61.92792466,78.99627025,58.83152842,59.5148021
ExDO30,01/04/2026 00:00,4,62.06757397,79.3471849,58.96419527,59.64953494
ExDO30,01/04/2027 00:00,4,62.18790929,79.6732847,59.07851383,59.77517741
ExDO30,01/04/2028 00:00,4,62.32708045,80.02509494,59.21072643,59.90962705
ExDO30,01/04/2029 00:00,4,62.45126522,80.35806216,59.32870196,60.03345245
ExDO30,01/04/2030 00:00,4,62.57872384,80.69667515,59.44978765,60.16996868
ExDO30,01/04/2031 00:00,4,62.71507696,81.04829345,59.57932311,60.30567763
ExDO30,01/04/2032 00:00,4,62.84322475,81.38951817,59.70106351,60.43497117
ExDO30,01/04/2033 00:00,4,62.96871428,81.72772198,59.82027857,60.56912947
ExDO30,01/04/2034 00:00,4,63.12415707,82.1074046,59.96794922,60.72103182
ExDO30,01/04/2035 00:00,4,63.2681233,82.47352287,60.10471714,60.87446634
ExDO30,01/04/2036 00:00,4,63.4214279,82.85328261,60.25035651,61.02202549
ExDO30,01/04/2037 00:00,4,63.57912887,83.24050878,60.40017243,61.17607009
ExDO30,01/04/2038 00:00,4,63.74207321,83.63556851,60.55496955,61.34892605
ExDO30,01/04/2039 00:00,4,63.85139184,83.9569001,60.65882225,61.46268283
ExDO31,01/04/2011 12:11,4,40.61203047,48.90370915,38.58142895,38.67979219
ExDO31,01/04/2012 00:00,4,40.27648047,48.67378241,38.26265645,38.39040853
ExDO31,01/04/2013 00:00,4,39.96870169,48.47896407,37.9702666,38.13279395
ExDO31,01/04/2014 00:00,4,39.73423065,48.37732409,37.74751912,37.95201253
ExDO31,01/04/2015 00:00,4,39.83298352,48.58128441,37.84133434,38.04884896
ExDO31,01/04/2016 00:00,4,39.8713938,48.74199803,37.87782411,38.06877373
ExDO31,01/04/2017 00:00,4,39.93073994,48.93032824,37.93420294,38.1227758
ExDO31,01/04/2018 00:00,4,39.98989638,49.119817,37.99040156,38.16045531
ExDO31,01/04/2019 00:00,4,40.12205858,49.4024766,38.11595565,38.28099947
ExDO31,01/04/2020 00:00,4,40.24633749,49.67423489,38.23402062,38.40250569
ExDO31,01/04/2021 00:00,4,40.34489579,49.91424857,38.327651,38.50162593
ExDO31,01/04/2022 00:00,4,40.43207894,50.14069179,38.41047499,38.59425176
ExDO31,01/04/2023 00:00,4,40.52625433,50.37659727,38.49994161,38.69033096
ExDO31,01/04/2024 00:00,4,40.63594091,50.63413882,38.60414387,38.79785588
ExDO31,01/04/2025 00:00,4,40.72405851,50.86357486,38.68785559,38.88862314
ExDO31,01/04/2026 00:00,4,40.81568783,51.09853852,38.77490344,38.97843195
ExDO31,01/04/2027 00:00,4,40.91067397,51.33905084,38.86514027,39.0828045
ExDO31,01/04/2028 00:00,4,41.00828267,51.58323623,38.95786854,39.1733121
ExDO31,01/04/2029 00:00,4,41.09740837,51.81740882,39.04253795,39.26273432
ExDO31,01/04/2030 00:00,4,41.2039485,52.07617448,39.14375108,39.37697514
ExDO31,01/04/2031 00:00,4,41.29455926,52.31490723,39.22983129,39.471371
ExDO31,01/04/2032 00:00,4,41.38973371,52.56008845,39.32024702,39.56800056
ExDO31,01/04/2033 00:00,4,41.48529225,52.80679503,39.41102764,39.67208904
ExDO31,01/04/2034 00:00,4,41.58082159,53.05366997,39.50178051,39.7601819
ExDO31,01/04/2035 00:00,4,41.67898792,53.30521173,39.59503852,39.86402728
ExDO31,01/04/2036 00:00,4,41.78174635,53.5635301,39.69265903,39.97543685
ExDO31,01/04/2037 00:00,4,41.88588303,53.82493089,39.79158888,40.08110174
ExDO31,01/04/2038 00:00,4,41.9912327,54.08875007,39.89167107,40.18993162
ExDO31,01/04/2039 00:00,4,42.08489002,54.33845078,39.98064552,40.28763869
ExDO32a,01/04/2011 12:11,4,65.72844295,78.4143527,62.4420208,61.01159375
ExDO32a,01/04/2012 00:00,4,65.32714894,77.83369728,62.06079149,60.49998349
ExDO32a,01/04/2013 00:00,4,65.09853933,77.45195165,61.84361236,60.15930261
ExDO32a,01/04/2014 00:00,4,64.88616576,77.08157898,61.64185747,59.8144012
ExDO32a,01/04/2015 00:00,4,64.84946652,77.07620405,61.60699319,59.62386325
ExDO32a,01/04/2016 00:00,4,64.84581294,77.14870491,61.60352229,59.46862202
ExDO32a,01/04/2017 00:00,4,64.9094132,77.3018819,61.66394254,59.36714488
ExDO32a,01/04/2018 00:00,4,65.07218399,77.57648328,61.81857479,59.36241438
ExDO32a,01/04/2019 00:00,4,65.30741722,77.94063468,62.04204636,59.42945668
ExDO32a,01/04/2020 00:00,4,65.74841524,78.65157768,62.46099447,59.7166013
ExDO32a,01/04/2021 00:00,4,66.08736491,79.23632389,62.78299667,59.88376113
ExDO32a,01/04/2022 00:00,4,66.43077684,79.82765341,63.109238,60.05466829
ExDO32a,01/04/2023 00:00,4,66.79401425,80.44608176,63.45431354,60.24683596
ExDO32a,01/04/2024 00:00,4,67.14416333,81.04901689,63.78695516,60.4306449
ExDO32a,01/04/2025 00:00,4,67.49342508,81.65061506,64.11875383,60.60394079
ExDO32a,01/04/2026 00:00,4,67.85345367,82.269022,64.46078098,60.79191315
ExDO32a,01/04/2027 00:00,4,68.21274798,82.88706372,64.80211058,60.97592508
ExDO32a,01/04/2028 00:00,4,68.55891363,83.48912232,65.13096794,61.14465714
ExDO32a,01/04/2029 00:00,4,68.91604944,84.10697609,65.47024697,61.31757742
ExDO32a,01/04/2030 00:00,4,69.27823453,84.73236497,65.8143228,61.49931012
ExDO32a,01/04/2031 00:00,4,69.63137445,85.34689273,66.14980573,61.68030994
ExDO32a,01/04/2032 00:00,4,69.98837622,85.9677267,66.48895741,61.8467441
ExDO32a,01/04/2033 00:00,4,70.34905399,86.59476926,66.83160129,62.02508243
ExDO32a,01/04/2034 00:00,4,70.70646472,87.21817609,67.17114148,62.19818954
ExDO32a,01/04/2035 00:00,4,71.08038015,87.86434137,67.52636114,62.38908529
ExDO32a,01/04/2036 00:00,4,71.45079019,88.50723117,67.87825068,62.55673011
ExDO32a,01/04/2037 00:00,4,71.81538699,89.14326657,68.22461764,62.73907112
ExDO32a,01/04/2038 00:00,4,72.1756776,89.77506503,68.56689372,62.91089427
ExDO32a,01/04/2039 00:00,4,72.46946338,90.32593616,68.84599021,63.00508367
ExDO32b,01/04/2011 12:11,4,21.58096358,27.12463926,20.5019154,20.02645047
ExDO32b,01/04/2012 00:00,4,21.41246662,26.88427799,20.34184329,19.87491918
ExDO32b,01/04/2013 00:00,4,21.30520786,26.71507623,20.23994746,19.78399743
ExDO32b,01/04/2014 00:00,4,21.19268537,26.53458456,20.1330511,19.68372711
ExDO32b,01/04/2015 00:00,4,21.16529336,26.50404637,20.10702869,19.65591453
ExDO32b,01/04/2016 00:00,4,21.12976997,26.47549247,20.07328147,19.61991563
ExDO32b,01/04/2017 00:00,4,21.0791055,26.4264679,20.02515023,19.56600265
ExDO32b,01/04/2018 00:00,4,21.0757012,26.43572118,20.02191614,19.56771569
ExDO32b,01/04/2019 00:00,4,21.10862167,26.48970513,20.05319059,19.60832868
ExDO32b,01/04/2020 00:00,4,21.16785,26.61993319,20.1094575,19.66526627
ExDO32b,01/04/2021 00:00,4,21.18404092,26.69682357,20.12483887,19.68079137
ExDO32b,01/04/2022 00:00,4,21.22844428,26.80942319,20.16702206,19.72081239
ExDO32b,01/04/2023 00:00,4,21.26066159,26.90697924,20.19762851,19.74880106
ExDO32b,01/04/2024 00:00,4,21.28612843,26.99555075,20.22182201,19.76989908
ExDO32b,01/04/2025 00:00,4,21.33534602,27.11496893,20.26857872,19.809808
ExDO32b,01/04/2026 00:00,4,21.37449088,27.22164101,20.30576634,19.85247286
ExDO32b,01/04/2027 00:00,4,21.41420569,27.32924066,20.34349541,19.88834031
ExDO32b,01/04/2028 00:00,4,21.45535468,27.43920732,20.38258695,19.91916269
ExDO32b,01/04/2029 00:00,4,21.50486521,27.56032958,20.42962194,19.96757634
ExDO32b,01/04/2030 00:00,4,21.55050698,27.67607748,20.47298163,20.01655233
ExDO32b,01/04/2031 00:00,4,21.58950241,27.78314289,20.51002729,20.05661524
ExDO32b,01/04/2032 00:00,4,21.63537622,27.89944296,20.55360741,20.08758473
ExDO32b,01/04/2033 00:00,4,21.67989602,28.01407065,20.59590122,20.13971504
ExDO32b,01/04/2034 00:00,4,21.72467601,28.12909396,20.63844221,20.17822204
ExDO32b,01/04/2035 00:00,4,21.77260848,28.24868354,20.68397806,20.22330196
ExDO32b,01/04/2036 00:00,4,21.82241225,28.37097576,20.73129164,20.27117755
ExDO32b,01/04/2037 00:00,4,21.87494606,28.49719365,20.78119876,20.32086626
ExDO32b,01/04/2038 00:00,4,21.92910326,28.62586494,20.8326481,20.37197474
ExDO32b,01/04/2039 00:00,4,21.97646223,28.74483446,20.87763912,20.41481414
ExDO35,01/04/2011 12:11,4,85.35304144,108.4932468,81.08538937,79.78688836
ExDO35,01/04/2012 00:00,4,85.44362913,108.8495244,81.17144767,79.73704398
ExDO35,01/04/2013 00:00,4,85.73448338,109.4413251,81.44775921,79.88847182
ExDO35,01/04/2014 00:00,4,86.02817507,110.0339229,81.72676631,80.03798567
ExDO35,01/04/2015 00:00,4,86.12810445,110.1981627,81.82169923,80.05316326
ExDO35,01/04/2016 00:00,4,86.16265013,110.2759819,81.85451763,79.99275492
ExDO35,01/04/2017 00:00,4,86.29080126,110.4265216,81.97626119,80.0251177
ExDO35,01/04/2018 00:00,4,86.52320148,110.6646984,82.19704141,80.16712497
ExDO35,01/04/2019 00:00,4,86.9393343,111.0907218,82.59236758,80.48619953
ExDO35,01/04/2020 00:00,4,87.52107736,112.1158229,83.14502349,80.92333925
ExDO35,01/04/2021 00:00,4,88.03491268,113.0603643,83.63316705,81.29448929
ExDO35,01/04/2022 00:00,4,88.5373885,113.9941355,84.11051907,81.65516037
ExDO35,01/04/2023 00:00,4,89.04673939,114.9402084,84.59440242,82.01737052
ExDO35,01/04/2024 00:00,4,89.56007072,115.8934678,85.08206719,82.37089397
ExDO35,01/04/2025 00:00,4,90.08192743,116.8577784,85.57783106,82.73732711
ExDO35,01/04/2026 00:00,4,90.58697776,117.8054083,86.05762887,83.08814136
ExDO35,01/04/2027 00:00,4,91.11747528,118.7892249,86.56160152,83.44829652
ExDO35,01/04/2028 00:00,4,91.63468648,119.7595153,87.05295215,83.80719424
ExDO35,01/04/2029 00:00,4,92.17426098,120.7615726,87.56554793,84.17231146
ExDO35,01/04/2030 00:00,4,92.72297063,121.7738665,88.0868221,84.5497874
ExDO35,01/04/2031 00:00,4,93.257923,122.7721292,88.59502685,84.91319299
ExDO35,01/04/2032 00:00,4,93.81938728,123.8078955,89.12841791,85.30391777
ExDO35,01/04/2033 00:00,4,94.3497323,124.8053331,89.63224569,85.65737952
ExDO35,01/04/2034 00:00,4,94.91445907,125.8526381,90.16873612,86.04011538
ExDO35,01/04/2035 00:00,4,95.50581394,126.934338,90.73052324,86.44649438
ExDO35,01/04/2036 00:00,4,96.08904046,128.0098267,91.28458844,86.84334459
ExDO35,01/04/2037 00:00,4,96.68855285,129.1103187,91.85412521,87.24192331
ExDO35,01/04/2038 00:00,4,97.3006032,130.2308713,92.43557304,87.6632176
ExDO35,01/04/2039 00:00,4,97.86688926,131.282715,92.9735448,88.03723057
ExDO38,01/04/2011 12:11,4,41.11807446,47.04392179,39.06217074,38.79392181
ExDO38,01/04/2012 00:00,4,41.48086694,49.37863438,39.40682359,39.12730386
ExDO38,01/04/2013 00:00,4,41.56099242,49.47779684,39.4829428,39.2015718
ExDO38,01/04/2014 00:00,4,41.66805507,49.6113679,39.58465232,39.30052718
ExDO38,01/04/2015 00:00,4,41.78892684,49.76266547,39.6994805,39.41211554
ExDO38,01/04/2016 00:00,4,41.91720094,49.92366875,39.82134089,39.53042248
ExDO38,01/04/2017 00:00,4,42.07134902,50.1177555,39.96778157,39.67243384
ExDO38,01/04/2018 00:00,4,42.24542212,50.33763016,40.13315101,39.83261807
ExDO38,01/04/2019 00:00,4,42.39363401,50.52485562,40.27395231,39.96900017
ExDO38,01/04/2020 00:00,4,42.44815299,50.59174602,40.32574534,40.01968586
ExDO38,01/04/2021 00:00,4,42.51551963,50.67503381,40.38974365,40.08214979
ExDO38,01/04/2022 00:00,4,42.54523047,50.71046319,40.41796895,40.11003957
ExDO38,01/04/2023 00:00,4,42.56715184,50.73603594,40.43879425,40.13076597
ExDO38,01/04/2024 00:00,4,42.59386024,50.76799701,40.46416723,40.155808
ExDO38,01/04/2025 00:00,4,42.58697437,50.75694492,40.45762565,40.15008793
ExDO38,01/04/2026 00:00,4,42.60118752,50.77295667,40.47112814,40.16367523
ExDO38,01/04/2027 00:00,4,42.58829081,50.75443578,40.45887627,40.15239155
ExDO38,01/04/2028 00:00,4,42.56649472,50.72473782,40.43816998,40.13290182
ExDO38,01/04/2029 00:00,4,42.54948983,50.70120627,40.42201533,40.11779102
ExDO38,01/04/2030 00:00,4,42.5294904,50.67399558,40.40301588,40.09989757
ExDO38,01/04/2031 00:00,4,42.51641134,50.65574345,40.39059078,40.08831542
ExDO38,01/04/2032 00:00,4,42.50797089,50.64346059,40.38257235,40.08097295
ExDO38,01/04/2033 00:00,4,42.50214917,50.63458557,40.37704171,40.07601405
ExDO38,01/04/2034 00:00,4,42.49911217,50.62932903,40.37415656,40.07359124
ExDO38,01/04/2035 00:00,4,42.50089459,50.63028977,40.37584986,40.07556935
ExDO38,01/04/2036 00:00,4,42.50586527,50.63535974,40.380572,40.08045982
ExDO38,01/04/2037 00:00,4,42.51362002,50.64403416,40.38793902,40.08788925
ExDO38,01/04/2038 00:00,4,42.52336656,50.65537835,40.39719823,40.09711125
ExDO38,01/04/2039 00:00,4,42.53751431,50.67232323,40.41063859,40.11037245
ExDO39a,01/04/2011 12:11,4,77.98907043,107.6703355,72.7502267,72.7502267
ExDO39a,01/04/2012 00:00,4,78.26424257,107.8916962,72.94504665,72.94504665
ExDO39a,01/04/2013 00:00,4,78.55366076,108.2425119,73.21611008,73.21611008
ExDO39a,01/04/2014 00:00,4,78.97279208,108.8296118,73.59776523,73.59776523
ExDO39a,01/04/2015 00:00,4,79.48066974,109.5375902,74.06538062,74.06538062
ExDO39a,01/04/2016 00:00,4,80.0567688,110.3317921,74.59479273,74.59479273
ExDO39a,01/04/2017 00:00,4,80.63256296,111.1124608,75.12174649,75.12174649
ExDO39a,01/04/2018 00:00,4,81.22296657,111.9135541,75.66250499,75.66250499
ExDO39a,01/04/2019 00:00,4,81.80952125,112.7080802,76.19884302,76.19884302
ExDO39a,01/04/2020 00:00,4,82.40392665,113.5132157,76.74237619,76.74237619
ExDO39a,01/04/2021 00:00,4,83.01451297,114.3414165,77.30149279,77.30149279
ExDO39a,01/04/2022 00:00,4,83.6128112,115.1517888,77.84856254,77.84856254
ExDO39a,01/04/2023 00:00,4,84.19621763,115.9415214,78.38169321,78.38169321
ExDO39a,01/04/2024 00:00,4,84.77301327,116.7226818,78.90903852,78.90903852
ExDO39a,01/04/2025 00:00,4,85.3457364,117.4967099,79.43156805,79.43156805
ExDO39a,01/04/2026 00:00,4,85.91201875,118.2588229,79.94605092,79.94605092
ExDO39a,01/04/2027 00:00,4,86.46741509,119.0042734,80.4492868,80.4492868
ExDO39a,01/04/2028 00:00,4,87.01604135,119.7419003,80.94724055,80.94724055
ExDO39a,01/04/2029 00:00,4,87.55653282,120.4686205,81.43782873,81.43782873
ExDO39a,01/04/2030 00:00,4,88.09430461,121.1917816,81.92602184,81.92602184
ExDO39a,01/04/2031 00:00,4,88.63872014,121.9259019,82.42161402,82.42161402
ExDO39a,01/04/2032 00:00,4,89.17382099,122.6455133,82.90740387,82.90740387
ExDO39a,01/04/2033 00:00,4,89.69802581,123.3500148,83.38299058,83.38299058
ExDO39a,01/04/2034 00:00,4,90.21934425,124.0514888,83.85653562,83.85653562
ExDO39a,01/04/2035 00:00,4,90.74138411,124.7539445,84.33075047,84.33075047
ExDO39a,01/04/2036 00:00,4,91.27077236,125.4672947,84.81232765,84.81232765
ExDO39a,01/04/2037 00:00,4,91.80379039,126.1851138,85.29692593,85.29692593
ExDO39a,01/04/2038 00:00,4,92.33795707,126.9041252,85.78233356,85.78233356
ExDO39a,01/04/2039 00:00,4,92.84899586,127.6020113,86.24455246,86.24455246
ExDO39b,01/04/2011 12:11,4,96.94246251,138.1363577,90.87918267,90.87918267
ExDO39b,01/04/2012 00:00,4,98.39515504,140.161665,92.25095043,92.25095043
ExDO39b,01/04/2013 00:00,4,98.5176592,140.2936095,92.36729162,92.36729162
ExDO39b,01/04/2014 00:00,4,98.71029957,140.5801739,92.54272547,92.54272547
ExDO39b,01/04/2015 00:00,4,98.98951994,140.9842446,92.80470478,92.80470478
ExDO39b,01/04/2016 00:00,4,99.35679261,141.505385,93.14672848,93.14672848
ExDO39b,01/04/2017 00:00,4,99.73998493,142.0403947,93.49816501,93.49816501
ExDO39b,01/04/2018 00:00,4,100.1386347,142.5972179,93.86395921,93.86395921
ExDO39b,01/04/2019 00:00,4,100.537693,143.1538145,94.22962467,94.22962467
ExDO39b,01/04/2020 00:00,4,100.9587968,143.74194,94.61605184,94.61605184
ExDO39b,01/04/2021 00:00,4,101.4010457,144.3604398,95.02245526,95.02245526
ExDO39b,01/04/2022 00:00,4,101.8357355,144.967064,95.42104563,95.42104563
ExDO39b,01/04/2023 00:00,4,102.2554721,145.5514418,95.80500867,95.80500867
ExDO39b,01/04/2024 00:00,4,102.6636241,146.1206301,96.17897878,96.17897878
ExDO39b,01/04/2025 00:00,4,103.0661798,146.6812451,96.54730957,96.54730957
ExDO39b,01/04/2026 00:00,4,103.4661683,147.2349903,96.91112836,96.91112836
ExDO39b,01/04/2027 00:00,4,103.8585873,147.7775736,97.2676029,97.2676029
ExDO39b,01/04/2028 00:00,4,104.2357842,148.2981772,97.60962707,97.60962707
ExDO39b,01/04/2029 00:00,4,104.6085106,148.813533,97.94820631,97.94820631
ExDO39b,01/04/2030 00:00,4,104.9792357,149.3275132,98.28587625,98.28587625
ExDO39b,01/04/2031 00:00,4,105.3384958,149.8239225,98.61199312,98.61199312
ExDO39b,01/04/2032 00:00,4,105.6900142,150.309942,98.93127885,98.93127885
ExDO39b,01/04/2033 00:00,4,106.0325867,150.7834821,99.24235996,99.24235996
ExDO39b,01/04/2034 00:00,4,106.3733085,151.254988,99.55211112,99.55211112
ExDO39b,01/04/2035 00:00,4,106.7214973,151.7386044,99.86982649,99.86982649
ExDO39b,01/04/2036 00:00,4,107.0677457,152.2182406,100.1849255,100.1849255
ExDO39b,01/04/2037 00:00,4,107.4123777,152.6955714,100.4985112,100.4985112
ExDO39b,01/04/2038 00:00,4,107.7569727,153.1730578,100.8122015,100.8122015
ExDO39b,01/04/2039 00:00,4,108.1014267,153.6499724,101.1255215,101.1255215
ExDO42,01/04/2011 12:11,4,2022.522154,2022.522154,2022.522154,2000.072158
ExDO42,01/04/2012 00:00,4,2026.442379,2026.442379,2026.442379,2003.948869
ExDO42,01/04/2013 00:00,4,2029.919634,2029.919634,2029.919634,2007.387527
ExDO42,01/04/2014 00:00,4,2034.561662,2034.561662,2034.561662,2011.823401
ExDO42,01/04/2015 00:00,4,2040.103489,2040.103489,2040.103489,2017.361151
ExDO42,01/04/2016 00:00,4,2046.3406,2046.3406,2046.3406,2023.594407
ExDO42,01/04/2017 00:00,4,2052.768006,2052.768006,2052.768006,2030.017956
ExDO42,01/04/2018 00:00,4,2059.407124,2059.407124,2059.407124,2036.653198
ExDO42,01/04/2019 00:00,4,2066.242385,2066.242385,2066.242385,2043.484566
ExDO42,01/04/2020 00:00,4,2073.089969,2073.089969,2073.089969,2050.328229
ExDO42,01/04/2021 00:00,4,2079.9772,2079.9772,2079.9772,2057.211555
ExDO42,01/04/2022 00:00,4,2087.097633,2087.097633,2087.097633,2064.328063
ExDO42,01/04/2023 00:00,4,2094.428245,2094.428245,2094.428245,2071.654756
ExDO42,01/04/2024 00:00,4,2101.909187,2101.909187,2101.909187,2079.131805
ExDO42,01/04/2025 00:00,4,2109.516896,2109.516896,2109.516896,2086.735622
ExDO42,01/04/2026 00:00,4,2117.376244,2117.376244,2117.376244,2094.591067
ExDO42,01/04/2027 00:00,4,2125.495615,2125.495615,2125.495615,2102.706534
ExDO42,01/04/2028 00:00,4,2133.846804,2133.846804,2133.846804,2111.053845
ExDO42,01/04/2029 00:00,4,2142.380002,2142.380002,2142.380002,2119.583207
ExDO42,01/04/2030 00:00,4,2151.108195,2151.108195,2151.108195,2128.307592
ExDO42,01/04/2031 00:00,4,2160.023312,2160.023312,2160.023312,2137.218922
ExDO42,01/04/2032 00:00,4,2169.111519,2169.111519,2169.111519,2146.303336
ExDO42,01/04/2033 00:00,4,2178.346999,2178.346999,2178.346999,2155.535025
ExDO42,01/04/2034 00:00,4,2187.735664,2187.735664,2187.735664,2164.919894
ExDO42,01/04/2035 00:00,4,2197.305682,2197.305682,2197.305682,2174.486118
ExDO42,01/04/2036 00:00,4,2206.990327,2206.990327,2206.990327,2184.166969
ExDO42,01/04/2037 00:00,4,2216.794245,2216.794245,2216.794245,2193.967094
ExDO42,01/04/2038 00:00,4,2226.749626,2226.749626,2226.749626,2203.918679
ExDO42,01/04/2039 00:00,4,2238.230523,2238.230523,2238.230523,2215.39633
ExDO43,01/04/2011 12:11,4,263.8292118,319.1218459,263.8292118,260.9007075
ExDO43,01/04/2012 00:00,4,263.3241542,318.347316,263.3241542,260.4012561
ExDO43,01/04/2013 00:00,4,263.8508635,319.2229664,263.8508635,260.9221189
ExDO43,01/04/2014 00:00,4,264.6483973,320.4225566,264.6483973,261.6662181
ExDO43,01/04/2015 00:00,4,265.5329727,321.7743876,265.5329727,262.5501162
ExDO43,01/04/2016 00:00,4,266.5348966,323.3268852,266.5348966,263.5514346
ExDO43,01/04/2017 00:00,4,267.697229,325.0932347,267.697229,264.7131546
ExDO43,01/04/2018 00:00,4,268.9745329,327.0150059,268.9745329,265.9898296
ExDO43,01/04/2019 00:00,4,270.2351428,328.9161373,270.2351428,267.2497761
ExDO43,01/04/2020 00:00,4,271.4122197,330.7125739,271.4122197,268.4262025
ExDO43,01/04/2021 00:00,4,272.5181808,332.4179643,272.5181808,269.5315325
ExDO43,01/04/2022 00:00,4,273.543237,334.0177684,273.543237,270.5559596
ExDO43,01/04/2023 00:00,4,274.4762988,335.4955368,274.4762988,271.4883911
ExDO43,01/04/2024 00:00,4,275.3252757,336.8655469,275.3252757,272.3367482
ExDO43,01/04/2025 00:00,4,276.0620705,338.0902087,276.0620705,273.0729255
ExDO43,01/04/2026 00:00,4,276.6966031,339.1749898,276.6966031,273.7068408
ExDO43,01/04/2027 00:00,4,277.2810884,340.1879949,277.2810884,274.2907153
ExDO43,01/04/2028 00:00,4,277.8197226,341.133893,277.8197226,274.8287312
ExDO43,01/04/2029 00:00,4,278.3520105,342.076397,278.3520105,275.3604205
ExDO43,01/04/2030 00:00,4,278.9065064,343.0442448,278.9065064,275.9143184
ExDO43,01/04/2031 00:00,4,279.4591344,344.0132867,279.4591344,276.4663529
ExDO43,01/04/2032 00:00,4,280.0555515,345.0333142,280.0555515,277.0621841
ExDO43,01/04/2033 00:00,4,280.6502066,346.055066,280.6502066,277.6562516
ExDO43,01/04/2034 00:00,4,281.2555166,347.0913974,281.2555166,278.2609759
ExDO43,01/04/2035 00:00,4,281.8894262,348.1607131,281.8894262,278.8943015
ExDO43,01/04/2036 00:00,4,282.5263785,349.2368334,282.5263785,279.5306715
ExDO43,01/04/2037 00:00,4,283.1793233,350.3314873,283.1793233,280.1830354
ExDO43,01/04/2038 00:00,4,283.8445491,351.4383131,283.8445491,280.8476815
ExDO43,01/04/2039 00:00,4,285.24801,353.5507623,285.24801,282.2510176
ExDO47,01/04/2011 12:11,4,134.2875359,166.1426739,134.2875359,132.7969443
ExDO47,01/04/2012 00:00,4,134.6112309,166.5882385,134.6112309,133.1170462
ExDO47,01/04/2013 00:00,4,134.857497,167.0111147,134.857497,133.3605787
ExDO47,01/04/2014 00:00,4,135.1932763,167.5602978,135.1932763,134.1743578
ExDO47,01/04/2015 00:00,4,135.5978331,168.2090279,135.5978331,134.578696
ExDO47,01/04/2016 00:00,4,135.962132,168.8134551,135.962132,134.9427745
ExDO47,01/04/2017 00:00,4,136.2809519,169.3577719,136.2809519,135.2613752
ExDO47,01/04/2018 00:00,4,136.5787855,169.872983,136.5787855,135.5589902
ExDO47,01/04/2019 00:00,4,136.8611479,170.3680837,136.8611479,135.8411346
ExDO47,01/04/2020 00:00,4,137.124246,170.8397228,137.124246,136.1040156
ExDO47,01/04/2021 00:00,4,137.3793703,171.303353,137.3793703,136.3589243
ExDO47,01/04/2022 00:00,4,137.6436477,171.7789373,137.6436477,136.6229863
ExDO47,01/04/2023 00:00,4,137.9232182,172.2771195,137.9232182,136.9023415
ExDO47,01/04/2024 00:00,4,138.2244652,172.8073557,138.2244652,137.203374
ExDO47,01/04/2025 00:00,4,138.5434483,173.3638553,138.5434483,137.5221431
ExDO47,01/04/2026 00:00,4,138.869206,173.9263105,138.869206,137.8476849
ExDO47,01/04/2027 00:00,4,139.1972496,174.4891796,139.1972496,138.1755116
ExDO47,01/04/2028 00:00,4,139.5451548,175.0797504,139.5451548,138.5232011
ExDO47,01/04/2029 00:00,4,139.9008639,175.6819863,139.9008639,138.8786947
ExDO47,01/04/2030 00:00,4,140.2637882,176.2937931,140.2637882,139.2414051
ExDO47,01/04/2031 00:00,4,140.631024,176.9111356,140.631024,139.6084277
ExDO47,01/04/2032 00:00,4,141.0151435,177.5506723,141.0151435,139.9923342
ExDO47,01/04/2033 00:00,4,141.4047692,178.1992676,141.4047692,140.3817459
ExDO47,01/04/2034 00:00,4,141.8031652,178.8583557,141.8031652,140.7799287
ExDO47,01/04/2035 00:00,4,142.2056021,179.5231739,142.2056021,141.1821528
ExDO47,01/04/2036 00:00,4,142.6131151,180.1952167,142.6131151,141.5894529
ExDO47,01/04/2037 00:00,4,143.0267873,180.8759874,143.0267873,142.0029124
ExDO47,01/04/2038 00:00,4,143.4474497,181.5663438,143.4474497,142.4233621
ExDO47,01/04/2039 00:00,4,144.0747492,182.5471243,144.0747492,143.0504794
ExDO48,01/04/2011 12:11,4,100.0791631,118.7243986,100.0791631,98.96828443
ExDO48,01/04/2012 00:00,4,100.1815873,118.8483999,100.1815873,99.06957163
ExDO48,01/04/2013 00:00,4,100.5658088,119.4114802,100.5658088,99.44952837
ExDO48,01/04/2014 00:00,4,101.0224343,120.0666655,101.0224343,99.65601062
ExDO48,01/04/2015 00:00,4,101.4690728,120.7117463,101.4690728,100.1023932
ExDO48,01/04/2016 00:00,4,101.891739,121.3302344,101.891739,100.5248215
ExDO48,01/04/2017 00:00,4,102.3195665,121.9559069,102.3195665,100.9524194
ExDO48,01/04/2018 00:00,4,102.7365998,122.5680292,102.7365998,101.369215
ExDO48,01/04/2019 00:00,4,103.1470796,123.1726614,103.1470796,101.7794642
ExDO48,01/04/2020 00:00,4,103.5413286,123.7569062,103.5413286,102.1734811
ExDO48,01/04/2021 00:00,4,103.9218477,124.3268049,103.9218477,102.5537826
ExDO48,01/04/2022 00:00,4,104.2884198,124.877433,104.2884198,102.9201336
ExDO48,01/04/2023 00:00,4,104.6307891,125.3984254,104.6307891,103.2622868
ExDO48,01/04/2024 00:00,4,104.9718328,125.9182068,104.9718328,103.6031249
ExDO48,01/04/2025 00:00,4,105.3083087,126.4340428,105.3083087,103.9393934
ExDO48,01/04/2026 00:00,4,105.6468405,126.9518369,105.6468405,104.2777157
ExDO48,01/04/2027 00:00,4,105.9875843,127.471981,105.9875843,104.6182468
ExDO48,01/04/2028 00:00,4,106.3305981,127.9950934,106.3305981,104.9610403
ExDO48,01/04/2029 00:00,4,106.6775197,128.5229307,106.6775197,105.3077451
ExDO48,01/04/2030 00:00,4,107.0283218,129.0540688,107.0283218,105.6583305
ExDO48,01/04/2031 00:00,4,107.381147,129.5892127,107.381147,106.0109396
ExDO48,01/04/2032 00:00,4,107.7415555,130.1340816,107.7415555,106.3711309
ExDO48,01/04/2033 00:00,4,108.1066617,130.6847981,108.1066617,106.7360185
ExDO48,01/04/2034 00:00,4,108.4770124,131.2420661,108.4770124,107.1061563
ExDO48,01/04/2035 00:00,4,108.855182,131.8073033,108.855182,107.4841116
ExDO48,01/04/2036 00:00,4,109.231075,132.3714607,109.231075,107.8597913
ExDO48,01/04/2037 00:00,4,109.6160287,132.9464208,109.6160287,108.2445323
ExDO48,01/04/2038 00:00,4,110.0027136,133.5247425,110.0027136,108.6310052
ExDO48,01/04/2039 00:00,4,110.6062214,134.3932177,110.6062214,109.234509
ExDO49,01/04/2011 12:11,4,13.00653323,19.04703113,13.00653323,12.86216072
ExDO49,01/04/2012 00:00,4,13.05074942,19.10557096,13.05074942,12.9058861
ExDO49,01/04/2013 00:00,4,13.10975762,19.20433895,13.10975762,12.96423931
ExDO49,01/04/2014 00:00,4,13.19080125,19.33704731,13.19080125,13.00760094
ExDO49,01/04/2015 00:00,4,13.25943813,19.45071717,13.25943813,13.07619331
ExDO49,01/04/2016 00:00,4,13.32091831,19.55397692,13.32091831,13.13763292
ExDO49,01/04/2017 00:00,4,13.37842305,19.65094447,13.37842305,13.19509731
ExDO49,01/04/2018 00:00,4,13.43154492,19.7411544,13.43154492,13.24817932
ExDO49,01/04/2019 00:00,4,13.47946553,19.8233545,13.47946553,13.29606029
ExDO49,01/04/2020 00:00,4,13.52555626,19.90265603,13.52555626,13.34211176
ExDO49,01/04/2021 00:00,4,13.56393569,19.97045861,13.56393569,13.38045079
ExDO49,01/04/2022 00:00,4,13.59662146,20.02884741,13.59662146,13.41309628
ExDO49,01/04/2023 00:00,4,13.6232744,20.07809761,13.6232744,13.43970949
ExDO49,01/04/2024 00:00,4,13.64368985,20.11743499,13.64368985,13.46008509
ExDO49,01/04/2025 00:00,4,13.65672024,20.14543907,13.65672024,13.47307576
ExDO49,01/04/2026 00:00,4,13.66839443,20.1709622,13.66839443,13.48471095
ExDO49,01/04/2027 00:00,4,13.67761201,20.19229425,13.67761201,13.49388989
ExDO49,01/04/2028 00:00,4,13.68615519,20.21251569,13.68615519,13.50239475
ExDO49,01/04/2029 00:00,4,13.69966161,20.24056192,13.69966161,13.51586259
ExDO49,01/04/2030 00:00,4,13.71996505,20.27908649,13.71996505,13.53612665
ExDO49,01/04/2031 00:00,4,13.73325737,20.30659376,13.73325737,13.54937831
ExDO49,01/04/2032 00:00,4,13.74872705,20.33744568,13.74872705,13.56480928
ExDO49,01/04/2033 00:00,4,13.76581282,20.37061474,13.76581282,13.58185548
ExDO49,01/04/2034 00:00,4,13.78367061,20.40504225,13.78367061,13.59967386
ExDO49,01/04/2035 00:00,4,13.8029292,20.441204,13.8029292,13.61889313
ExDO49,01/04/2036 00:00,4,13.82172713,20.47658744,13.82172713,13.63765169
ExDO49,01/04/2037 00:00,4,13.84091573,20.51177468,13.84091573,13.65680105
ExDO49,01/04/2038 00:00,4,13.8605171,20.54744955,13.8605171,13.67636309
ExDO49,01/04/2039 00:00,4,13.89657636,20.60921354,13.89657636,13.71238751
ExDO50,01/04/2011 12:11,4,44.82968971,61.55529327,44.82968971,44.33208016
ExDO50,01/04/2012 00:00,4,44.72399075,61.33292043,44.72399075,44.22755445
ExDO50,01/04/2013 00:00,4,44.78288609,61.44496452,44.78288609,44.28579605
ExDO50,01/04/2014 00:00,4,44.84529913,61.56401875,44.84529913,44.30426716
ExDO50,01/04/2015 00:00,4,44.90510077,61.68063812,44.90510077,44.36395542
ExDO50,01/04/2016 00:00,4,44.96739602,61.80383031,44.96739602,44.42613819
ExDO50,01/04/2017 00:00,4,45.0370556,61.93892343,45.0370556,44.49568191
ExDO50,01/04/2018 00:00,4,45.11550508,62.08746058,45.11550508,44.5740165
ExDO50,01/04/2019 00:00,4,45.19721695,62.24167983,45.19721695,44.65561412
ExDO50,01/04/2020 00:00,4,45.28346351,62.4042498,45.28346351,44.74174754
ExDO50,01/04/2021 00:00,4,45.36773128,62.56500767,45.36773128,44.82590186
ExDO50,01/04/2022 00:00,4,45.45361469,62.72726627,45.45361469,44.91167268
ExDO50,01/04/2023 00:00,4,45.54685527,62.9012881,45.54685527,45.00480112
ExDO50,01/04/2024 00:00,4,45.64676012,63.0867873,45.64676012,45.10459486
ExDO50,01/04/2025 00:00,4,45.74452502,63.26971722,45.74452502,45.20224849
ExDO50,01/04/2026 00:00,4,45.84367038,63.45453434,45.84367038,45.30128252
ExDO50,01/04/2027 00:00,4,45.94353287,63.63786123,45.94353287,45.40103409
ExDO50,01/04/2028 00:00,4,46.04467672,63.82164134,46.04467672,45.50206673
ExDO50,01/04/2029 00:00,4,46.14221705,63.99984867,46.14221705,45.59949487
ExDO50,01/04/2030 00:00,4,46.24502524,64.18627864,46.24502524,45.702192
ExDO50,01/04/2031 00:00,4,46.35270468,64.38008224,46.35270468,45.80975954
ExDO50,01/04/2032 00:00,4,46.46365132,64.57816682,46.46365132,45.92059557
ExDO50,01/04/2033 00:00,4,46.57288426,64.77432651,46.57288426,46.02971755
ExDO50,01/04/2034 00:00,4,46.68645315,64.97608318,46.68645315,46.14317539
ExDO50,01/04/2035 00:00,4,46.8027978,65.18228228,46.8027978,46.25940907
ExDO50,01/04/2036 00:00,4,46.91963179,65.38904344,46.91963179,46.37613218
ExDO50,01/04/2037 00:00,4,47.03783656,65.5976216,47.03783656,46.49422629
ExDO50,01/04/2038 00:00,4,47.15814863,65.80827573,47.15814863,46.61442759
ExDO50,01/04/2039 00:00,4,47.42314291,66.24875795,47.42314291,46.8793568
ExDO51,01/04/2011 12:11,4,97.09724244,120.0499461,92.24238032,88.98639322
ExDO51,01/04/2012 00:00,4,97.1202652,119.9930692,92.26425194,89.02682366
ExDO51,01/04/2013 00:00,4,96.94419865,119.6886297,92.09698872,88.88557024
ExDO51,01/04/2014 00:00,4,96.83267372,119.4654619,91.99104003,88.80298516
ExDO51,01/04/2015 00:00,4,96.75251304,119.2999112,91.91488739,88.74479402
ExDO51,01/04/2016 00:00,4,96.61651211,119.0729304,91.7856865,88.63382616
ExDO51,01/04/2017 00:00,4,96.53278309,118.9115477,91.70614394,88.57042419
ExDO51,01/04/2018 00:00,4,96.44226207,118.7499411,91.62014897,88.49895662
ExDO51,01/04/2019 00:00,4,96.39121161,118.6402261,91.57165103,88.46287045
ExDO51,01/04/2020 00:00,4,96.23065114,118.3873356,91.41911858,88.3284387
ExDO51,01/04/2021 00:00,4,96.10081688,118.174298,91.29577603,88.22167313
ExDO51,01/04/2022 00:00,4,95.98052798,117.9743008,91.18150158,88.12335245
ExDO51,01/04/2023 00:00,4,95.8979479,117.8240085,91.10305051,88.05880454
ExDO51,01/04/2024 00:00,4,95.82734204,117.6903359,91.03597494,88.00479106
ExDO51,01/04/2025 00:00,4,95.77393791,117.5888946,90.98524101,87.96401308
ExDO51,01/04/2026 00:00,4,95.73159589,117.5070349,90.9450161,87.93200684
ExDO51,01/04/2027 00:00,4,95.69279479,117.4308884,90.90815505,87.90293438
ExDO51,01/04/2028 00:00,4,95.68481802,117.3949226,90.90057712,87.9015709
ExDO51,01/04/2029 00:00,4,95.70224066,117.397809,90.91712863,87.92173539
ExDO51,01/04/2030 00:00,4,95.73525605,117.4209023,90.94849325,87.9559437
ExDO51,01/04/2031 00:00,4,95.76405322,117.4387568,90.97585056,87.9863011
ExDO51,01/04/2032 00:00,4,95.80411821,117.4714588,91.0139123,88.0267513
ExDO51,01/04/2033 00:00,4,95.8687291,117.5366936,91.07529264,88.08914479
ExDO51,01/04/2034 00:00,4,95.94251727,117.6135609,91.14539141,88.15986311
ExDO51,01/04/2035 00:00,4,96.03490752,117.7171989,91.23316215,88.24673058
ExDO51,01/04/2036 00:00,4,96.13328509,117.8287851,91.32662083,88.33894767
ExDO51,01/04/2037 00:00,4,96.24452086,117.9584731,91.43229482,88.44241892
ExDO51,01/04/2038 00:00,4,96.36303844,118.0979705,91.54488652,88.55236394
ExDO51,01/04/2039 00:00,4,96.4891499,118.2459265,91.66469241,88.66946251
ExDO52,01/04/2011 12:11,4,125.8181075,147.9285814,119.5272021,118.1448763
ExDO52,01/04/2012 00:00,4,125.961468,148.0245281,119.6633946,118.2936721
ExDO52,01/04/2013 00:00,4,125.9071762,147.8812877,119.6118174,118.2583291
ExDO52,01/04/2014 00:00,4,125.7807948,147.654281,119.4917551,118.1551453
ExDO52,01/04/2015 00:00,4,125.5872082,147.3627602,119.3078478,117.9860493
ExDO52,01/04/2016 00:00,4,125.3920272,147.0769312,119.1224258,117.8139705
ExDO52,01/04/2017 00:00,4,125.308434,146.926618,119.0430123,117.7457531
ExDO52,01/04/2018 00:00,4,125.3516615,146.935188,119.0840784,117.7946182
ExDO52,01/04/2019 00:00,4,125.402478,146.9536883,119.1323541,117.8504068
ExDO52,01/04/2020 00:00,4,125.3269803,146.8160117,119.0606313,117.789173
ExDO52,01/04/2021 00:00,4,125.2626513,146.6914486,118.9995187,117.738423
ExDO52,01/04/2022 00:00,4,125.1792842,146.5453199,118.92032,117.6696477
ExDO52,01/04/2023 00:00,4,125.0363159,146.328335,118.7845001,117.5450983
ExDO52,01/04/2024 00:00,4,124.9037402,146.1249647,118.6585532,117.4300268
ExDO52,01/04/2025 00:00,4,124.7941127,145.9615297,118.554407,117.3339436
ExDO52,01/04/2026 00:00,4,124.7187329,145.8441004,118.4827963,117.2688695
ExDO52,01/04/2027 00:00,4,124.6642945,145.7527052,118.4310797,117.2231683
ExDO52,01/04/2028 00:00,4,124.6232843,145.6791653,118.3921201,117.1896615
ExDO52,01/04/2029 00:00,4,124.6273291,145.6660556,118.3959626,117.1969672
ExDO52,01/04/2030 00:00,4,124.6549994,145.6818421,118.4222495,117.2262224
ExDO52,01/04/2031 00:00,4,124.6794362,145.6945814,118.4454644,117.2522951
ExDO52,01/04/2032 00:00,4,124.712391,145.7171742,118.4767714,117.2863924
ExDO52,01/04/2033 00:00,4,124.7721746,145.7735488,118.5335659,117.3452251
ExDO52,01/04/2034 00:00,4,124.8393362,145.8388076,118.5973694,117.4109399
ExDO52,01/04/2035 00:00,4,124.9231767,145.9272205,118.6770178,117.4916089
ExDO52,01/04/2036 00:00,4,125.0192521,146.0310424,118.7682895,117.5835577
ExDO52,01/04/2037 00:00,4,125.1269934,146.1507162,118.8706438,117.6860336
ExDO52,01/04/2038 00:00,4,125.2471001,146.285557,118.9847451,117.7999892
ExDO52,01/04/2039 00:00,4,125.3745138,146.4281836,119.1057881,117.9209596
ExDO53,01/04/2011 12:11,4,178.3778656,216.6337925,169.4589723,170.7972899
ExDO53,01/04/2012 00:00,4,178.9476342,217.2064768,170.0002525,171.354593
ExDO53,01/04/2013 00:00,4,179.1400001,217.307131,170.1830001,171.5449603
ExDO53,01/04/2014 00:00,4,179.454455,217.5630942,170.4817323,171.8539684
ExDO53,01/04/2015 00:00,4,179.83452,217.9288476,170.842794,172.2261059
ExDO53,01/04/2016 00:00,4,180.2808671,218.3907763,171.2668238,172.6623707
ExDO53,01/04/2017 00:00,4,180.7510027,218.8858148,171.7134526,173.1216842
ExDO53,01/04/2018 00:00,4,181.2759719,219.4636489,172.2121733,173.6339717
ExDO53,01/04/2019 00:00,4,181.8283111,220.0775148,172.7368956,174.1728272
ExDO53,01/04/2020 00:00,4,182.138824,220.3802732,173.0318828,174.4767694
ExDO53,01/04/2021 00:00,4,182.5243947,220.7785274,173.398175,174.8536492
ExDO53,01/04/2022 00:00,4,182.8737569,221.1351163,173.730069,175.1952382
ExDO53,01/04/2023 00:00,4,183.3087772,221.6021385,174.1433383,175.6200311
ExDO53,01/04/2024 00:00,4,183.7517511,222.0808594,174.5641635,176.0525154
ExDO53,01/04/2025 00:00,4,184.230927,222.6253018,175.0193807,176.5197102
ExDO53,01/04/2026 00:00,4,184.7113207,223.1801437,175.4757547,176.9878774
ExDO53,01/04/2027 00:00,4,185.2173482,223.7681941,175.9564808,177.48094
ExDO53,01/04/2028 00:00,4,185.7628804,224.4070342,176.4747364,178.0123789
ExDO53,01/04/2029 00:00,4,186.3521568,225.1109585,177.0345489,178.5861015
ExDO53,01/04/2030 00:00,4,186.9583931,225.8378391,177.6104735,179.1762721
ExDO53,01/04/2031 00:00,4,187.5873744,226.5937162,178.2080057,179.7885437
ExDO53,01/04/2032 00:00,4,188.2290963,227.3659771,178.8176415,180.4131919
ExDO53,01/04/2033 00:00,4,188.9263505,228.2109084,179.480033,181.0917556
ExDO53,01/04/2034 00:00,4,189.6464403,229.0855218,180.1641183,181.7924949
ExDO53,01/04/2035 00:00,4,190.3974299,230.0043076,180.8775584,182.5231452
ExDO53,01/04/2036 00:00,4,191.1696221,230.9508011,181.611141,183.2743817
ExDO53,01/04/2037 00:00,4,191.968917,231.934681,182.3704711,184.0518862
ExDO53,01/04/2038 00:00,4,192.7900114,232.9466923,183.1505109,184.850565
ExDO53,01/04/2039 00:00,4,193.6297738,233.9801356,183.9482851,185.6674396
ExDO54,01/04/2011 12:11,4,254.4781254,305.4569637,241.7542192,243.7396404
ExDO54,01/04/2012 00:00,4,254.9111842,305.7909962,242.165625,244.1710803
ExDO54,01/04/2013 00:00,4,255.0441758,305.7611253,242.291967,244.3149782
ExDO54,01/04/2014 00:00,4,255.2865054,305.8669089,242.5221801,244.563387
ExDO54,01/04/2015 00:00,4,255.4964179,305.977025,242.721597,244.7769742
ExDO54,01/04/2016 00:00,4,255.829386,306.2495479,243.0379167,245.1073466
ExDO54,01/04/2017 00:00,4,256.151572,306.5143565,243.3439934,245.4269252
ExDO54,01/04/2018 00:00,4,256.4797978,306.8007511,243.6558079,245.7510638
ExDO54,01/04/2019 00:00,4,256.8678647,307.156527,244.0244715,246.1328203
ExDO54,01/04/2020 00:00,4,257.0155097,307.2146951,244.1647342,246.2847102
ExDO54,01/04/2021 00:00,4,257.1837918,307.2977675,244.3246022,246.4563863
ExDO54,01/04/2022 00:00,4,257.4372219,307.484669,244.5653608,246.7096076
ExDO54,01/04/2023 00:00,4,257.7105666,307.7009788,244.8250382,246.9814595
ExDO54,01/04/2024 00:00,4,258.0172189,307.9616729,245.116358,247.2848853
ExDO54,01/04/2025 00:00,4,258.4283306,308.3708933,245.506914,247.6865295
ExDO54,01/04/2026 00:00,4,258.8849972,308.8510237,245.9407473,248.1304786
ExDO54,01/04/2027 00:00,4,259.4122517,309.4179335,246.4416391,248.6419681
ExDO54,01/04/2028 00:00,4,260.0077834,310.0712424,247.0073943,249.2185753
ExDO54,01/04/2029 00:00,4,260.6737973,310.8234298,247.6401074,249.8615688
ExDO54,01/04/2030 00:00,4,261.4111301,311.6631248,248.3405736,250.5728168
ExDO54,01/04/2031 00:00,4,262.170253,312.5316646,249.0617403,251.3047371
ExDO54,01/04/2032 00:00,4,262.9599131,313.4382425,249.8119175,252.0658336
ExDO54,01/04/2033 00:00,4,263.7835948,314.3869221,250.5944151,252.859459
ExDO54,01/04/2034 00:00,4,264.6403267,315.3767345,251.4083104,253.6846646
ExDO54,01/04/2035 00:00,4,265.5343464,316.4184945,252.2576291,254.5450223
ExDO54,01/04/2036 00:00,4,266.4543782,317.4921075,253.1316593,255.43028
ExDO54,01/04/2037 00:00,4,267.4139887,318.6184338,254.0432893,256.3530584
ExDO54,01/04/2038 00:00,4,268.4052744,319.7835386,254.9850107,257.3061584
ExDO54,01/04/2039 00:00,4,269.4182256,320.9723676,255.9473143,258.2802392
ExDO55,01/04/2011 12:11,4,91.19894466,110.1032034,86.63899742,80.99161516
ExDO55,01/04/2012 00:00,4,91.07992811,109.8926494,86.52593171,80.911443
ExDO55,01/04/2013 00:00,4,91.04065586,109.7797825,86.48862307,80.9010385
ExDO55,01/04/2014 00:00,4,91.07418096,109.7590319,86.52047191,80.95323661
ExDO55,01/04/2015 00:00,4,91.17532065,109.8347998,86.61655461,81.05952608
ExDO55,01/04/2016 00:00,4,91.22367345,109.8519258,86.66248978,81.11740499
ExDO55,01/04/2017 00:00,4,91.25166525,109.8450748,86.68908199,81.15711317
ExDO55,01/04/2018 00:00,4,91.29143325,109.8583462,86.72686159,81.20501708
ExDO55,01/04/2019 00:00,4,91.43783279,110.0054606,86.86594115,81.34502138
ExDO55,01/04/2020 00:00,4,91.48037572,110.0197433,86.90635694,81.39623639
ExDO55,01/04/2021 00:00,4,91.47399544,109.9753605,86.90029567,81.4041807
ExDO55,01/04/2022 00:00,4,91.47394521,109.9396614,86.90024795,81.41731932
ExDO55,01/04/2023 00:00,4,91.47940367,109.911284,86.90543348,81.43506529
ExDO55,01/04/2024 00:00,4,91.51967627,109.9266743,86.94369245,81.48285555
ExDO55,01/04/2025 00:00,4,91.57603391,109.9707508,86.99723222,81.54139598
ExDO55,01/04/2026 00:00,4,91.64713423,110.0369696,87.06477752,81.61132451
ExDO55,01/04/2027 00:00,4,91.72788275,110.1169564,87.14148862,81.68897328
ExDO55,01/04/2028 00:00,4,91.83376879,110.2288984,87.24208035,81.78818499
ExDO55,01/04/2029 00:00,4,91.9580361,110.3687034,87.36013429,81.90150085
ExDO55,01/04/2030 00:00,4,92.10025456,110.5313333,87.49524183,82.03021328
ExDO55,01/04/2031 00:00,4,92.2505998,110.7043344,87.63806981,82.16588194
ExDO55,01/04/2032 00:00,4,92.40797756,110.8864263,87.78757869,82.30752727
ExDO55,01/04/2033 00:00,4,92.58632955,111.0956871,87.95701307,82.46697698
ExDO55,01/04/2034 00:00,4,92.77191431,111.3139904,88.1333186,82.63268721
ExDO55,01/04/2035 00:00,4,92.97020875,111.5504671,88.32169831,82.80855377
ExDO55,01/04/2036 00:00,4,93.17847788,111.7994035,88.51955399,82.9930581
ExDO55,01/04/2037 00:00,4,93.39675796,112.0625849,88.72692006,83.18558794
ExDO55,01/04/2038 00:00,4,93.62441387,112.3376855,88.94319318,83.38616019
ExDO55,01/04/2039 00:00,4,93.86020738,112.6218753,89.16719701,83.59417722
ExDO56,01/04/2011 12:11,4,163.0297144,218.8275128,154.8782287,142.3401851
ExDO56,01/04/2012 00:00,4,163.1762859,218.8397128,155.0174716,142.5133094
ExDO56,01/04/2013 00:00,4,163.1119528,218.558957,154.9563552,142.506411
ExDO56,01/04/2014 00:00,4,163.081808,218.3289506,154.9277176,142.5278767
ExDO56,01/04/2015 00:00,4,163.1052271,218.2202681,154.9499657,142.5832923
ExDO56,01/04/2016 00:00,4,163.1316971,218.1325019,154.9751123,142.6371281
ExDO56,01/04/2017 00:00,4,163.1926426,218.0948609,155.0330104,142.7198298
ExDO56,01/04/2018 00:00,4,163.292206,218.1300486,155.1275957,142.8306818
ExDO56,01/04/2019 00:00,4,163.4652601,218.2701961,155.2919971,143.0035413
ExDO56,01/04/2020 00:00,4,163.4794763,218.1769367,155.3055025,143.0440256
ExDO56,01/04/2021 00:00,4,163.4964074,218.0911707,155.321587,143.0858933
ExDO56,01/04/2022 00:00,4,163.5691336,218.0874428,155.3906769,143.1742483
ExDO56,01/04/2023 00:00,4,163.6882747,218.1501905,155.503861,143.3017194
ExDO56,01/04/2024 00:00,4,163.8393804,218.2593951,155.6474114,143.4559588
ExDO56,01/04/2025 00:00,4,164.0686616,218.5045371,155.8652285,143.6700659
ExDO56,01/04/2026 00:00,4,164.3066159,218.7756314,156.0912851,143.888088
ExDO56,01/04/2027 00:00,4,164.5579862,219.0651568,156.3300869,144.1176128
ExDO56,01/04/2028 00:00,4,164.8477548,219.4123598,156.6053671,144.3788245
ExDO56,01/04/2029 00:00,4,165.1841635,219.8384973,156.9249553,144.6762974
ExDO56,01/04/2030 00:00,4,165.5143657,220.258482,157.2386474,144.9678534
ExDO56,01/04/2031 00:00,4,165.8821397,220.7305203,157.5880327,145.2915137
ExDO56,01/04/2032 00:00,4,166.2498526,221.2035047,157.93736,145.6148632
ExDO56,01/04/2033 00:00,4,166.6553205,221.7315484,158.3225545,145.9697832
ExDO56,01/04/2034 00:00,4,167.0719652,222.2765049,158.718367,146.3338953
ExDO56,01/04/2035 00:00,4,167.5131851,222.8627829,159.1375258,146.7171814
ExDO56,01/04/2036 00:00,4,167.9768511,223.4810713,159.5780085,147.1194184
ExDO56,01/04/2037 00:00,4,168.4702397,224.145804,160.0467277,147.5457318
ExDO56,01/04/2038 00:00,4,168.9810819,224.8354296,160.5320278,147.9867802
ExDO56,01/04/2039 00:00,4,169.5051325,225.5406392,161.0298759,148.4397964
ExDO01cj,01/04/2011 12:11,4,0,0,0,0
ExDO01cj,01/04/2012 00:00,4,0,0,0,0
ExDO01cj,01/04/2013 00:00,4,0,0,0,0
ExDO01cj,01/04/2014 00:00,4,0,0,0,0
ExDO01cj,01/04/2015 00:00,4,0,0,0,0
ExDO01cj,01/04/2016 00:00,4,0,0,0,0
ExDO01cj,01/04/2017 00:00,4,0,0,0,0
ExDO01cj,01/04/2018 00:00,4,0,0,0,0
ExDO01cj,01/04/2019 00:00,4,0,0,0,0
ExDO01cj,01/04/2020 00:00,4,0,0,0,0
ExDO01cj,01/04/2021 00:00,4,0,0,0,0
ExDO01cj,01/04/2022 00:00,4,0,0,0,0
ExDO01cj,01/04/2023 00:00,4,0,0,0,0
ExDO01cj,01/04/2024 00:00,4,0,0,0,0
ExDO01cj,01/04/2025 00:00,4,0,0,0,0
ExDO01cj,01/04/2026 00:00,4,0,0,0,0
ExDO01cj,01/04/2027 00:00,4,0,0,0,0
ExDO01cj,01/04/2028 00:00,4,0,0,0,0
ExDO01cj,01/04/2029 00:00,4,0,0,0,0
ExDO01cj,01/04/2030 00:00,4,0,0,0,0
ExDO01cj,01/04/2031 00:00,4,0,0,0,0
ExDO01cj,01/04/2032 00:00,4,0,0,0,0
ExDO01cj,01/04/2033 00:00,4,0,0,0,0
ExDO01cj,01/04/2034 00:00,4,0,0,0,0
ExDO01cj,01/04/2035 00:00,4,0,0,0,0
ExDO01cj,01/04/2036 00:00,4,0,0,0,0
ExDO01cj,01/04/2037 00:00,4,0,0,0,0
ExDO01cj,01/04/2038 00:00,4,0,0,0,0
ExDO01cj,01/04/2039 00:00,4,0,0,0,0
ExDO08,01/04/2011 12:11,4,0,0,0,0
ExDO08,01/04/2012 00:00,4,0,0,0,0
ExDO08,01/04/2013 00:00,4,0,0,0,0
ExDO08,01/04/2014 00:00,4,0,0,0,0
ExDO08,01/04/2015 00:00,4,0,0,0,0
ExDO08,01/04/2016 00:00,4,0,0,0,0
ExDO08,01/04/2017 00:00,4,0,0,0,0
ExDO08,01/04/2018 00:00,4,0,0,0,0
ExDO08,01/04/2019 00:00,4,0,0,0,0
ExDO08,01/04/2020 00:00,4,0,0,0,0
ExDO08,01/04/2021 00:00,4,0,0,0,0
ExDO08,01/04/2022 00:00,4,0,0,0,0
ExDO08,01/04/2023 00:00,4,0,0,0,0
ExDO08,01/04/2024 00:00,4,0,0,0,0
ExDO08,01/04/2025 00:00,4,0,0,0,0
ExDO08,01/04/2026 00:00,4,0,0,0,0
ExDO08,01/04/2027 00:00,4,0,0,0,0
ExDO08,01/04/2028 00:00,4,0,0,0,0
ExDO08,01/04/2029 00:00,4,0,0,0,0
ExDO08,01/04/2030 00:00,4,0,0,0,0
ExDO08,01/04/2031 00:00,4,0,0,0,0
ExDO08,01/04/2032 00:00,4,0,0,0,0
ExDO08,01/04/2033 00:00,4,0,0,0,0
ExDO08,01/04/2034 00:00,4,0,0,0,0
ExDO08,01/04/2035 00:00,4,0,0,0,0
ExDO08,01/04/2036 00:00,4,0,0,0,0
ExDO08,01/04/2037 00:00,4,0,0,0,0
ExDO08,01/04/2038 00:00,4,0,0,0,0
ExDO08,01/04/2039 00:00,4,0,0,0,0
ExDO11,01/04/2011 12:11,4,0,0,0,0
ExDO11,01/04/2012 00:00,4,0,0,0,0
ExDO11,01/04/2013 00:00,4,0,0,0,0
ExDO11,01/04/2014 00:00,4,0,0,0,0
ExDO11,01/04/2015 00:00,4,0,0,0,0
ExDO11,01/04/2016 00:00,4,0,0,0,0
ExDO11,01/04/2017 00:00,4,0,0,0,0
ExDO11,01/04/2018 00:00,4,0,0,0,0
ExDO11,01/04/2019 00:00,4,0,0,0,0
ExDO11,01/04/2020 00:00,4,0,0,0,0
ExDO11,01/04/2021 00:00,4,0,0,0,0
ExDO11,01/04/2022 00:00,4,0,0,0,0
ExDO11,01/04/2023 00:00,4,0,0,0,0
ExDO11,01/04/2024 00:00,4,0,0,0,0
ExDO11,01/04/2025 00:00,4,0,0,0,0
ExDO11,01/04/2026 00:00,4,0,0,0,0
ExDO11,01/04/2027 00:00,4,0,0,0,0
ExDO11,01/04/2028 00:00,4,0,0,0,0
ExDO11,01/04/2029 00:00,4,0,0,0,0
ExDO11,01/04/2030 00:00,4,0,0,0,0
ExDO11,01/04/2031 00:00,4,0,0,0,0
ExDO11,01/04/2032 00:00,4,0,0,0,0
ExDO11,01/04/2033 00:00,4,0,0,0,0
ExDO11,01/04/2034 00:00,4,0,0,0,0
ExDO11,01/04/2035 00:00,4,0,0,0,0
ExDO11,01/04/2036 00:00,4,0,0,0,0
ExDO11,01/04/2037 00:00,4,0,0,0,0
ExDO11,01/04/2038 00:00,4,0,0,0,0
ExDO11,01/04/2039 00:00,4,0,0,0,0
ExDO13,01/04/2011 12:11,4,0,0,0,0
ExDO13,01/04/2012 00:00,4,0,0,0,0
ExDO13,01/04/2013 00:00,4,0,0,0,0
ExDO13,01/04/2014 00:00,4,0,0,0,0
ExDO13,01/04/2015 00:00,4,0,0,0,0
ExDO13,01/04/2016 00:00,4,0,0,0,0
ExDO13,01/04/2017 00:00,4,0,0,0,0
ExDO13,01/04/2018 00:00,4,0,0,0,0
ExDO13,01/04/2019 00:00,4,0,0,0,0
ExDO13,01/04/2020 00:00,4,0,0,0,0
ExDO13,01/04/2021 00:00,4,0,0,0,0
ExDO13,01/04/2022 00:00,4,0,0,0,0
ExDO13,01/04/2023 00:00,4,0,0,0,0
ExDO13,01/04/2024 00:00,4,0,0,0,0
ExDO13,01/04/2025 00:00,4,0,0,0,0
ExDO13,01/04/2026 00:00,4,0,0,0,0
ExDO13,01/04/2027 00:00,4,0,0,0,0
ExDO13,01/04/2028 00:00,4,0,0,0,0
ExDO13,01/04/2029 00:00,4,0,0,0,0
ExDO13,01/04/2030 00:00,4,0,0,0,0
ExDO13,01/04/2031 00:00,4,0,0,0,0
ExDO13,01/04/2032 00:00,4,0,0,0,0
ExDO13,01/04/2033 00:00,4,0,0,0,0
ExDO13,01/04/2034 00:00,4,0,0,0,0
ExDO13,01/04/2035 00:00,4,0,0,0,0
ExDO13,01/04/2036 00:00,4,0,0,0,0
ExDO13,01/04/2037 00:00,4,0,0,0,0
ExDO13,01/04/2038 00:00,4,0,0,0,0
ExDO13,01/04/2039 00:00,4,0,0,0,0
ExDO39c,01/04/2011 12:11,4,0,0,0,0
ExDO39c,01/04/2012 00:00,4,0,0,0,0
ExDO39c,01/04/2013 00:00,4,0,0,0,0
ExDO39c,01/04/2014 00:00,4,0,0,0,0
ExDO39c,01/04/2015 00:00,4,0,0,0,0
ExDO39c,01/04/2016 00:00,4,0,0,0,0
ExDO39c,01/04/2017 00:00,4,0,0,0,0
ExDO39c,01/04/2018 00:00,4,0,0,0,0
ExDO39c,01/04/2019 00:00,4,0,0,0,0
ExDO39c,01/04/2020 00:00,4,0,0,0,0
ExDO39c,01/04/2021 00:00,4,0,0,0,0
ExDO39c,01/04/2022 00:00,4,0,0,0,0
ExDO39c,01/04/2023 00:00,4,0,0,0,0
ExDO39c,01/04/2024 00:00,4,0,0,0,0
ExDO39c,01/04/2025 00:00,4,0,0,0,0
ExDO39c,01/04/2026 00:00,4,0,0,0,0
ExDO39c,01/04/2027 00:00,4,0,0,0,0
ExDO39c,01/04/2028 00:00,4,0,0,0,0
ExDO39c,01/04/2029 00:00,4,0,0,0,0
ExDO39c,01/04/2030 00:00,4,0,0,0,0
ExDO39c,01/04/2031 00:00,4,0,0,0,0
ExDO39c,01/04/2032 00:00,4,0,0,0,0
ExDO39c,01/04/2033 00:00,4,0,0,0,0
ExDO39c,01/04/2034 00:00,4,0,0,0,0
ExDO39c,01/04/2035 00:00,4,0,0,0,0
ExDO39c,01/04/2036 00:00,4,0,0,0,0
ExDO39c,01/04/2037 00:00,4,0,0,0,0
ExDO39c,01/04/2038 00:00,4,0,0,0,0
ExDO39c,01/04/2039 00:00,4,0,0,0,0
ExDO36,01/04/2011 12:11,4,0,0,0,0
ExDO36,01/04/2012 00:00,4,0,0,0,0
ExDO36,01/04/2013 00:00,4,0,0,0,0
ExDO36,01/04/2014 00:00,4,0,0,0,0
ExDO36,01/04/2015 00:00,4,0,0,0,0
ExDO36,01/04/2016 00:00,4,0,0,0,0
ExDO36,01/04/2017 00:00,4,0,0,0,0
ExDO36,01/04/2018 00:00,4,0,0,0,0
ExDO36,01/04/2019 00:00,4,0,0,0,0
ExDO36,01/04/2020 00:00,4,0,0,0,0
ExDO36,01/04/2021 00:00,4,0,0,0,0
ExDO36,01/04/2022 00:00,4,0,0,0,0
ExDO36,01/04/2023 00:00,4,0,0,0,0
ExDO36,01/04/2024 00:00,4,0,0,0,0
ExDO36,01/04/2025 00:00,4,0,0,0,0
ExDO36,01/04/2026 00:00,4,0,0,0,0
ExDO36,01/04/2027 00:00,4,0,0,0,0
ExDO36,01/04/2028 00:00,4,0,0,0,0
ExDO36,01/04/2029 00:00,4,0,0,0,0
ExDO36,01/04/2030 00:00,4,0,0,0,0
ExDO36,01/04/2031 00:00,4,0,0,0,0
ExDO36,01/04/2032 00:00,4,0,0,0,0
ExDO36,01/04/2033 00:00,4,0,0,0,0
ExDO36,01/04/2034 00:00,4,0,0,0,0
ExDO36,01/04/2035 00:00,4,0,0,0,0
ExDO36,01/04/2036 00:00,4,0,0,0,0
ExDO36,01/04/2037 00:00,4,0,0,0,0
ExDO36,01/04/2038 00:00,4,0,0,0,0
ExDO36,01/04/2039 00:00,4,0,0,0,0
